{"ret":0,"msg":"success","data":{"list":[{"cms_id":"20210629A002G400","title":"港剧《大叔的爱》首播，58岁TVB前高大型男演男同性恋，被嘲太油腻","subtitle":"","url":"https://new.qq.com/omn/20210629/20210629A002G400.html","thumb_nail":"http://inews.gtimg.com/newsapp_ls/0/13706508189_150120/0","thumb_nail_2x":"http://inews.gtimg.com/newsapp_ls/0/13706508189_640330/0","top_big_img":["http://inews.gtimg.com/newsapp_ls/0/13706508189_485350/0","http://inews.gtimg.com/newsapp_ls/0/13706508192_485350/0","http://inews.gtimg.com/newsapp_ls/0/13706508195_485350/0"],"category_id":"2","category_name":"ent","category_cn":"娱乐","sub_category_id":"206","sub_category_name":"ent_gangtai","sub_category_cn":"港台明星","status":4,"tags":[{"tag_id":"5368682","tag_word":"tvb","tag_score":"0.260161"},{"tag_id":"5430127","tag_word":"大叔的爱","tag_score":"0.226488"},{"tag_id":"7536602","tag_word":"港剧","tag_score":"0.203032"},{"tag_id":"3369936","tag_word":"简慕华","tag_score":"0.103262"},{"tag_id":"6358955","tag_word":"黄德斌","tag_score":"0.088126"},{"tag_id":"24373317","tag_word":"刑侦日记","tag_score":"0.078645"}],"media_id":"5074249","media_name":"剧透社娱乐","point":"3","article_type":0,"pool_name":"ent_pool","security_field":1,"article_id":"20210629A002G4","source":"om","comment_id":"7044986365","comment_num":"0","create_time":"2021-06-29 00:09:34","update_time":"2021-06-29 00:09:34","publish_time":"2021-06-29 00:03:45","img_exp_type":"3","img":"http://inews.gtimg.com/newsapp_ls/0/13706508189_640330/0"},{"cms_id":"20210629A0051O00","title":"《千古玦尘》混沌之劫降临，神界坍塌，主角们开启下一世","subtitle":"","url":"https://new.qq.com/omn/20210629/20210629A0051O00.html","thumb_nail":"http://inews.gtimg.com/newsapp_ls/0/13706515132_150120/0","thumb_nail_2x":"http://inews.gtimg.com/newsapp_ls/0/13706515132_640330/0","top_big_img":["http://inews.gtimg.com/newsapp_ls/0/13706515132_485350/0","http://inews.gtimg.com/newsapp_ls/0/13706515135_485350/0","http://inews.gtimg.com/newsapp_ls/0/13706515139_485350/0"],"category_id":"2","category_name":"ent","category_cn":"娱乐","sub_category_id":"201","sub_category_name":"ent_dianshiju","sub_category_cn":"电视剧","status":4,"tags":[{"tag_id":"26829122","tag_word":"千古玦尘","tag_score":"0.381696"},{"tag_id":"25655136","tag_word":"月弥","tag_score":"0.044395"}],"media_id":"5638625","media_name":"入骨影评","point":"3","article_type":0,"pool_name":"ent_pool","security_field":1,"article_id":"20210629A0051O","source":"om","comment_id":"7044996522","comment_num":"0","create_time":"2021-06-29 00:09:28","update_time":"2021-06-29 00:09:28","publish_time":"2021-06-29 00:06:08","img_exp_type":"3","img":"http://inews.gtimg.com/newsapp_ls/0/13706515132_640330/0"},{"cms_id":"20210628A0CSCX00","title":"梅根哈里Netflix梦想或将破灭，因为 “没人愿看” 他们制作的作品","subtitle":"","url":"https://new.qq.com/omn/20210628/20210628A0CSCX00.html","thumb_nail":"http://inews.gtimg.com/newsapp_ls/0/13706138101_150120/0","thumb_nail_2x":"http://inews.gtimg.com/newsapp_ls/0/13706138101_640330/0","top_big_img":["http://inews.gtimg.com/newsapp_ls/0/13706138101_485350/0","http://inews.gtimg.com/newsapp_ls/0/13706138103_485350/0","http://inews.gtimg.com/newsapp_ls/0/13706138107_485350/0"],"category_id":"2","category_name":"ent","category_cn":"娱乐","sub_category_id":"207","sub_category_name":"ent_rihan","sub_category_cn":"日韩明星","status":4,"tags":[{"tag_id":"4147997","tag_word":"梅根·马克尔","tag_score":"0.322746"},{"tag_id":"1019867","tag_word":"哈里王子","tag_score":"0.290919"},{"tag_id":"6625243","tag_word":"netflix","tag_score":"0.197034"},{"tag_id":"6261898","tag_word":"奥普拉·温弗瑞","tag_score":"0.11482"}],"media_id":"5597497","media_name":"译眼看世界","point":"3","article_type":0,"pool_name":"ent_pool","security_field":1,"article_id":"20210628A0CSCX","source":"om","comment_id":"7044577927","comment_num":"0","create_time":"2021-06-29 00:05:25","update_time":"2021-06-29 00:05:25","publish_time":"2021-06-28 21:49:55","img_exp_type":"3","img":"http://inews.gtimg.com/newsapp_ls/0/13706138101_640330/0"},{"cms_id":"20210628A01WVK00","title":"司马南评价《悬崖之上》导演不合格，故事不合格，演员满分","subtitle":"","url":"https://new.qq.com/omn/20210628/20210628A01WVK00.html","thumb_nail":"http://inews.gtimg.com/newsapp_ls/0/13703114064_150120/0","thumb_nail_2x":"http://inews.gtimg.com/newsapp_ls/0/13703114064_640330/0","top_big_img":["http://inews.gtimg.com/newsapp_ls/0/13703114064_485350/0","http://inews.gtimg.com/newsapp_ls/0/13703114067_485350/0","http://inews.gtimg.com/newsapp_ls/0/13703114069_485350/0"],"category_id":"2","category_name":"ent","category_cn":"娱乐","sub_category_id":"205","sub_category_name":"ent_dalu","sub_category_cn":"大陆明星","status":4,"tags":[{"tag_id":"6187018","tag_word":"司马南","tag_score":"0.261301"},{"tag_id":"23564930","tag_word":"悬崖之上","tag_score":"0.237909"},{"tag_id":"4522590","tag_word":"导演","tag_score":"0.185617"},{"tag_id":"5491374","tag_word":"张艺谋","tag_score":"0.099093"}],"media_id":"15611102","media_name":"神游八卦娱乐","point":"4","article_type":0,"pool_name":"ent_pool","security_field":1,"article_id":"20210628A01WVK","source":"om","comment_id":"7041511120","comment_num":"5","create_time":"2021-06-29 00:03:19","update_time":"2021-06-29 00:03:19","publish_time":"2021-06-28 09:16:51","img_exp_type":"3","img":"http://inews.gtimg.com/newsapp_ls/0/13703114064_640330/0"},{"cms_id":"20210628A0DWPH00","title":"明星逃离餐饮圈","subtitle":"","url":"https://new.qq.com/omn/20210628/20210628A0DWPH00.html","thumb_nail":"http://inews.gtimg.com/newsapp_ls/0/13706481910_150120/0","thumb_nail_2x":"http://inews.gtimg.com/newsapp_ls/0/13706481910_640330/0","top_big_img":["http://inews.gtimg.com/newsapp_ls/0/13706481910_485350/0","http://inews.gtimg.com/newsapp_ls/0/13706481914_485350/0","http://inews.gtimg.com/newsapp_ls/0/13706481918_485350/0"],"category_id":"2","category_name":"ent","category_cn":"娱乐","sub_category_id":"205","sub_category_name":"ent_dalu","sub_category_cn":"大陆明星","status":4,"tags":[{"tag_id":"22825444","tag_word":"贤合庄","tag_score":"0.427821"}],"media_id":"5377723","media_name":"娱乐硬糖","point":"3","article_type":0,"pool_name":"ent_pool","security_field":1,"article_id":"20210628A0DWPH","source":"om","comment_id":"7044965664","comment_num":"0","create_time":"2021-06-28 23:58:25","update_time":"2021-06-28 23:58:25","publish_time":"2021-06-28 23:56:14","img_exp_type":"3","img":"http://inews.gtimg.com/newsapp_ls/0/13706481910_640330/0"},{"cms_id":"20210628A0DWI300","title":"《隐秘的角落》“严良”饰演者史彭元勇救落水男孩，事后默默离开","subtitle":"","url":"https://new.qq.com/omn/20210628/20210628A0DWI300.html","thumb_nail":"http://inews.gtimg.com/newsapp_ls/0/13706478590_150120/0","thumb_nail_2x":"http://inews.gtimg.com/newsapp_ls/0/13706478590_640330/0","top_big_img":[],"category_id":"2","category_name":"ent","category_cn":"娱乐","sub_category_id":"207","sub_category_name":"ent_rihan","sub_category_cn":"日韩明星","status":4,"tags":[{"tag_id":"25169332","tag_word":"隐秘的角落","tag_score":"0.281571"},{"tag_id":"60053344","tag_word":"史彭元","tag_score":"0.262323"},{"tag_id":"21572763","tag_word":"严良","tag_score":"0.25967"},{"tag_id":"8163297","tag_word":"谢霆锋","tag_score":"0.042733"}],"media_id":"5006987","media_name":"高能E蓓子","point":"3","article_type":0,"pool_name":"ent_pool","security_field":1,"article_id":"20210628A0DWI3","source":"om","comment_id":"7044963480","comment_num":"0","create_time":"2021-06-28 23:57:14","update_time":"2021-06-28 23:57:14","publish_time":"2021-06-28 23:55:18","img_exp_type":"1","img":"http://inews.gtimg.com/newsapp_ls/0/13706478590_640330/0"},{"cms_id":"20210628A0DW2A00","title":"梁洁张新成新剧如“情话教科书”，结局十分钟“塌房”猝不及防","subtitle":"","url":"https://new.qq.com/omn/20210628/20210628A0DW2A00.html","thumb_nail":"http://inews.gtimg.com/newsapp_ls/0/13706475048_150120/0","thumb_nail_2x":"http://inews.gtimg.com/newsapp_ls/0/13706475048_640330/0","top_big_img":["http://inews.gtimg.com/newsapp_ls/0/13706475048_485350/0","http://inews.gtimg.com/newsapp_ls/0/13706475052_485350/0","http://inews.gtimg.com/newsapp_ls/0/13706475053_485350/0"],"category_id":"2","category_name":"ent","category_cn":"娱乐","sub_category_id":"201","sub_category_name":"ent_dianshiju","sub_category_cn":"电视剧","status":4,"tags":[{"tag_id":"6624530","tag_word":"梁洁","tag_score":"0.237936"},{"tag_id":"27423558","tag_word":"变成你的那一天","tag_score":"0.233809"},{"tag_id":"1456134","tag_word":"张新成","tag_score":"0.216191"},{"tag_id":"28677662","tag_word":"余声声","tag_score":"0.126035"},{"tag_id":"32502687","tag_word":"江熠","tag_score":"0.09043"}],"media_id":"16309896","media_name":"天才小神龙","point":"3","article_type":0,"pool_name":"ent_pool","security_field":1,"article_id":"20210628A0DW2A","source":"om","comment_id":"7044959341","comment_num":"0","create_time":"2021-06-28 23:55:51","update_time":"2021-06-28 23:55:51","publish_time":"2021-06-28 23:53:31","img_exp_type":"3","img":"http://inews.gtimg.com/newsapp_ls/0/13706475048_640330/0"},{"cms_id":"20210628A0DVMB00","title":"鼓曲后继有人？学员面试德云鼓曲社惊艳全场，郭德纲：明来上班吧","subtitle":"","url":"https://new.qq.com/omn/20210628/20210628A0DVMB00.html","thumb_nail":"http://inews.gtimg.com/newsapp_ls/0/13706471378_150120/0","thumb_nail_2x":"http://inews.gtimg.com/newsapp_ls/0/13706471378_640330/0","top_big_img":["http://inews.gtimg.com/newsapp_ls/0/13706471378_485350/0","http://inews.gtimg.com/newsapp_ls/0/13706471382_485350/0","http://inews.gtimg.com/newsapp_ls/0/13706471383_485350/0"],"category_id":"2","category_name":"ent","category_cn":"娱乐","sub_category_id":"203","sub_category_name":"ent_zongyi","sub_category_cn":"综艺","status":4,"tags":[{"tag_id":"227916","tag_word":"郭德纲","tag_score":"0.336726"},{"tag_id":"31242674","tag_word":"德云鼓曲社","tag_score":"0.246536"},{"tag_id":"31903266","tag_word":"曹浣卿","tag_score":"0.138573"}],"media_id":"5069402","media_name":"五柳先生","point":"3","article_type":0,"pool_name":"ent_pool","security_field":1,"article_id":"20210628A0DVMB","source":"om","comment_id":"7044955453","comment_num":"0","create_time":"2021-06-28 23:53:18","update_time":"2021-06-28 23:53:18","publish_time":"2021-06-28 23:51:55","img_exp_type":"3","img":"http://inews.gtimg.com/newsapp_ls/0/13706471378_640330/0"},{"cms_id":"20210628A0CGQG00","title":"刘德华加盟《哥哥的滚烫人生》，王一博将与前辈“天王”同台竞演","subtitle":"","url":"https://new.qq.com/omn/20210628/20210628A0CGQG00.html","thumb_nail":"http://inews.gtimg.com/newsapp_ls/0/13706042584_150120/0","thumb_nail_2x":"http://inews.gtimg.com/newsapp_ls/0/13706042584_640330/0","top_big_img":[],"category_id":"2","category_name":"ent","category_cn":"娱乐","sub_category_id":"203","sub_category_name":"ent_zongyi","sub_category_cn":"综艺","status":4,"tags":[{"tag_id":"29657986","tag_word":"哥哥的滚烫人生","tag_score":"0.290648"},{"tag_id":"887459","tag_word":"刘德华","tag_score":"0.231759"},{"tag_id":"3707814","tag_word":"王一博","tag_score":"0.163463"},{"tag_id":"26778789","tag_word":"乘风破浪的姐姐","tag_score":"0.143684"},{"tag_id":"1292081","tag_word":"芒果tv","tag_score":"0.073084"}],"media_id":"19465027","media_name":"高科技盘点","point":"3","article_type":0,"pool_name":"ent_pool","security_field":1,"article_id":"20210628A0CGQG","source":"om","comment_id":"7044484961","comment_num":"0","create_time":"2021-06-28 23:53:14","update_time":"2021-06-28 23:53:14","publish_time":"2021-06-28 21:21:29","img_exp_type":"1","img":"http://inews.gtimg.com/newsapp_ls/0/13706042584_640330/0"},{"cms_id":"20210628A0DUFR00","title":"要不是彭楚粤，孟子义怕是都不知道被骂多少次了","subtitle":"","url":"https://new.qq.com/omn/20210628/20210628A0DUFR00.html","thumb_nail":"http://inews.gtimg.com/newsapp_ls/0/13706461019_150120/0","thumb_nail_2x":"http://inews.gtimg.com/newsapp_ls/0/13706461019_640330/0","top_big_img":["http://inews.gtimg.com/newsapp_ls/0/13706461019_485350/0","http://inews.gtimg.com/newsapp_ls/0/13706461020_485350/0","http://inews.gtimg.com/newsapp_ls/0/13706461021_485350/0"],"category_id":"2","category_name":"ent","category_cn":"娱乐","sub_category_id":"203","sub_category_name":"ent_zongyi","sub_category_cn":"综艺","status":4,"tags":[{"tag_id":"8126950","tag_word":"孟子义","tag_score":"0.498705"},{"tag_id":"2902976","tag_word":"彭楚粤","tag_score":"0.074042"},{"tag_id":"1115374","tag_word":"郭麒麟","tag_score":"0.041133"},{"tag_id":"8231520","tag_word":"宋丹丹","tag_score":"0.040941"},{"tag_id":"8682751","tag_word":"赖冠霖","tag_score":"0.040734"},{"tag_id":"6427817","tag_word":"张翰","tag_score":"0.039135"},{"tag_id":"22759862","tag_word":"周也","tag_score":"0.031081"}],"media_id":"11200433","media_name":"娱小杰","point":"3","article_type":0,"pool_name":"ent_pool","security_field":1,"article_id":"20210628A0DUFR","source":"om","comment_id":"7044943592","comment_num":"0","create_time":"2021-06-28 23:48:28","update_time":"2021-06-28 23:48:28","publish_time":"2021-06-28 23:46:50","img_exp_type":"3","img":"http://inews.gtimg.com/newsapp_ls/0/13706461019_640330/0"},{"cms_id":"20210628A0DTH300","title":"《好声音2021》导师曝光，4＋4模式终于敲定，刘欢、汪峰回归救场","subtitle":"","url":"https://new.qq.com/omn/20210628/20210628A0DTH300.html","thumb_nail":"http://inews.gtimg.com/newsapp_ls/0/13706453005_150120/0","thumb_nail_2x":"http://inews.gtimg.com/newsapp_ls/0/13706453005_640330/0","top_big_img":["http://inews.gtimg.com/newsapp_ls/0/13706453005_485350/0","http://inews.gtimg.com/newsapp_ls/0/13706453006_485350/0","http://inews.gtimg.com/newsapp_ls/0/13706453010_485350/0"],"category_id":"2","category_name":"ent","category_cn":"娱乐","sub_category_id":"203","sub_category_name":"ent_zongyi","sub_category_cn":"综艺","status":4,"tags":[{"tag_id":"1630891","tag_word":"刘欢","tag_score":"0.201849"},{"tag_id":"30907614","tag_word":"中国好声音2021","tag_score":"0.19903"},{"tag_id":"29921550","tag_word":"好声音2021","tag_score":"0.191952"},{"tag_id":"4382732","tag_word":"汪峰","tag_score":"0.155108"},{"tag_id":"5815429","tag_word":"周杰伦","tag_score":"0.123909"},{"tag_id":"6925455","tag_word":"中国好声音","tag_score":"0.081551"},{"tag_id":"1279496","tag_word":"李克勤","tag_score":"0.046601"}],"media_id":"16710428","media_name":"音乐汪","point":"3","article_type":0,"pool_name":"ent_pool","security_field":1,"article_id":"20210628A0DTH3","source":"om","comment_id":"7044933289","comment_num":"0","create_time":"2021-06-28 23:45:49","update_time":"2021-06-28 23:45:49","publish_time":"2021-06-28 23:42:41","img_exp_type":"3","img":"http://inews.gtimg.com/newsapp_ls/0/13706453005_640330/0"},{"cms_id":"20210628A0DETB00","title":"王思聪签约孙一宁？直播3小时捞700万，起底“杀猪女”的手段","subtitle":"","url":"https://new.qq.com/omn/20210628/20210628A0DETB00.html","thumb_nail":"http://inews.gtimg.com/newsapp_ls/0/13706323510_150120/0","thumb_nail_2x":"http://inews.gtimg.com/newsapp_ls/0/13706323510_640330/0","top_big_img":[],"category_id":"2","category_name":"ent","category_cn":"娱乐","sub_category_id":"205","sub_category_name":"ent_dalu","sub_category_cn":"大陆明星","status":4,"tags":[{"tag_id":"7062729","tag_word":"王思聪","tag_score":"0.242169"},{"tag_id":"20658553","tag_word":"孙一宁","tag_score":"0.175716"},{"tag_id":"20080806","tag_word":"香蕉计划","tag_score":"0.131235"}],"media_id":"5965310","media_name":"犀利讲电影","point":"3","article_type":0,"pool_name":"ent_pool","security_field":1,"article_id":"20210628A0DETB","source":"om","comment_id":"7044772026","comment_num":"0","create_time":"2021-06-28 23:45:19","update_time":"2021-06-28 23:45:19","publish_time":"2021-06-28 22:49:19","img_exp_type":"1","img":"http://inews.gtimg.com/newsapp_ls/0/13706323510_640330/0"},{"cms_id":"20210628A0DNMZ00","title":"王思聪遇到真爱？带新女友吃火锅，美女颜值高撞脸潘玮柏老婆宣云","subtitle":"","url":"https://new.qq.com/omn/20210628/20210628A0DNMZ00.html","thumb_nail":"http://inews.gtimg.com/newsapp_ls/0/13706453735_150120/0","thumb_nail_2x":"http://inews.gtimg.com/newsapp_ls/0/13706453735_640330/0","top_big_img":[],"category_id":"2","category_name":"ent","category_cn":"娱乐","sub_category_id":"206","sub_category_name":"ent_gangtai","sub_category_cn":"港台明星","status":4,"tags":[{"tag_id":"7062729","tag_word":"王思聪","tag_score":"0.345079"},{"tag_id":"6371893","tag_word":"潘玮柏","tag_score":"0.185644"},{"tag_id":"23285068","tag_word":"宣云","tag_score":"0.093272"},{"tag_id":"20658553","tag_word":"孙一宁","tag_score":"0.067408"}],"media_id":"5363789","media_name":"娱乐八卦情报局","point":"2","article_type":0,"pool_name":"ent_pool","security_field":1,"article_id":"20210628A0DNMZ","source":"om","comment_id":"7044873547","comment_num":"0","create_time":"2021-06-28 23:44:47","update_time":"2021-06-28 23:44:47","publish_time":"2021-06-28 23:43:20","img_exp_type":"1","img":"http://inews.gtimg.com/newsapp_ls/0/13706453735_640330/0"},{"cms_id":"20210628A0DTB800","title":"高考307分，恐怕在娱乐圈还算不上学渣","subtitle":"","url":"https://new.qq.com/omn/20210628/20210628A0DTB800.html","thumb_nail":"http://inews.gtimg.com/newsapp_ls/0/13706452620_150120/0","thumb_nail_2x":"http://inews.gtimg.com/newsapp_ls/0/13706452620_640330/0","top_big_img":["http://inews.gtimg.com/newsapp_ls/0/13706452620_485350/0","http://inews.gtimg.com/newsapp_ls/0/13706452621_485350/0","http://inews.gtimg.com/newsapp_ls/0/13706452622_485350/0"],"category_id":"2","category_name":"ent","category_cn":"娱乐","sub_category_id":"205","sub_category_name":"ent_dalu","sub_category_cn":"大陆明星","status":4,"tags":[{"tag_id":"5718887","tag_word":"娱乐圈","tag_score":"0.310692"},{"tag_id":"3367322","tag_word":"马嘉祺","tag_score":"0.29937"},{"tag_id":"7891731","tag_word":"文化课","tag_score":"0.042061"},{"tag_id":"1980289","tag_word":"北影","tag_score":"0.041248"}],"media_id":"20029528","media_name":"Vista文娱后台","point":"3","article_type":0,"pool_name":"ent_pool","security_field":1,"article_id":"20210628A0DTB8","source":"om","comment_id":"7044931664","comment_num":"0","create_time":"2021-06-28 23:44:19","update_time":"2021-06-28 23:44:19","publish_time":"2021-06-28 23:39:36","img_exp_type":"3","img":"http://inews.gtimg.com/newsapp_ls/0/13706452620_640330/0"},{"cms_id":"20210628A0DT7Q00","title":"谁还要看《欢乐颂3》啊","subtitle":"","url":"https://new.qq.com/omn/20210628/20210628A0DT7Q00.html","thumb_nail":"http://inews.gtimg.com/newsapp_ls/0/13706451334_150120/0","thumb_nail_2x":"http://inews.gtimg.com/newsapp_ls/0/13706451334_640330/0","top_big_img":["http://inews.gtimg.com/newsapp_ls/0/13706451334_485350/0","http://inews.gtimg.com/newsapp_ls/0/13706451337_485350/0","http://inews.gtimg.com/newsapp_ls/0/13706451343_485350/0"],"category_id":"2","category_name":"ent","category_cn":"娱乐","sub_category_id":"201","sub_category_name":"ent_dianshiju","sub_category_cn":"电视剧","status":4,"tags":[{"tag_id":"3183345","tag_word":"欢乐颂3","tag_score":"0.280899"},{"tag_id":"8518535","tag_word":"欢乐颂","tag_score":"0.205224"},{"tag_id":"426690","tag_word":"樊胜美","tag_score":"0.094755"}],"media_id":"20029528","media_name":"Vista文娱后台","point":"3","article_type":0,"pool_name":"ent_pool","security_field":1,"article_id":"20210628A0DT7Q","source":"om","comment_id":"7044930125","comment_num":"0","create_time":"2021-06-28 23:44:03","update_time":"2021-06-28 23:44:03","publish_time":"2021-06-28 23:39:36","img_exp_type":"3","img":"http://inews.gtimg.com/newsapp_ls/0/13706451334_640330/0"},{"cms_id":"20210628A03JTA00","title":"于震牵手辛月：再婚幸福是这样修炼成的","subtitle":"","url":"https://new.qq.com/omn/20210628/20210628A03JTA00.html","thumb_nail":"http://inews.gtimg.com/newsapp_ls/0/13705912366_150120/0","thumb_nail_2x":"http://inews.gtimg.com/newsapp_ls/0/13705912366_640330/0","top_big_img":["http://inews.gtimg.com/newsapp_ls/0/13705912366_485350/0","http://inews.gtimg.com/newsapp_ls/0/13705912371_485350/0","http://inews.gtimg.com/newsapp_ls/0/13705912375_485350/0"],"category_id":"2","category_name":"ent","category_cn":"娱乐","sub_category_id":"207","sub_category_name":"ent_rihan","sub_category_cn":"日韩明星","status":4,"tags":[{"tag_id":"6575495","tag_word":"于震","tag_score":"0.397948"},{"tag_id":"20234204","tag_word":"辛月","tag_score":"0.318913"},{"tag_id":"631321","tag_word":"方柏霓","tag_score":"0.078453"},{"tag_id":"6873424","tag_word":"北京人艺","tag_score":"0.054869"}],"media_id":"18919622","media_name":"茶余饭后说名人","point":"2","article_type":0,"pool_name":"ent_pool","security_field":1,"article_id":"20210628A03JTA","source":"om","comment_id":"7041999632","comment_num":"0","create_time":"2021-06-28 23:43:40","update_time":"2021-06-28 23:43:40","publish_time":"2021-06-28 11:18:51","img_exp_type":"3","img":"http://inews.gtimg.com/newsapp_ls/0/13705912366_640330/0"},{"cms_id":"20210628A0CKUO00","title":"《1921》不配做《觉醒年代》的结局","subtitle":"","url":"https://new.qq.com/omn/20210628/20210628A0CKUO00.html","thumb_nail":"http://inews.gtimg.com/newsapp_ls/0/13706081589_150120/0","thumb_nail_2x":"http://inews.gtimg.com/newsapp_ls/0/13706081589_640330/0","top_big_img":["http://inews.gtimg.com/newsapp_ls/0/13706081589_485350/0","http://inews.gtimg.com/newsapp_ls/0/13706081591_485350/0","http://inews.gtimg.com/newsapp_ls/0/13706081595_485350/0"],"category_id":"2","category_name":"ent","category_cn":"娱乐","sub_category_id":"201","sub_category_name":"ent_dianshiju","sub_category_cn":"电视剧","status":4,"tags":[{"tag_id":"22810774","tag_word":"觉醒年代","tag_score":"0.358067"},{"tag_id":"27499059","tag_word":"1921","tag_score":"0.230319"},{"tag_id":"4522590","tag_word":"导演","tag_score":"0.160528"},{"tag_id":"570935","tag_word":"陈坤","tag_score":"0.060387"}],"media_id":"18879502","media_name":"方碑纪录","point":"3","article_type":0,"pool_name":"ent_pool","security_field":1,"article_id":"20210628A0CKUO","source":"om","comment_id":"7044519484","comment_num":"0","create_time":"2021-06-28 23:41:46","update_time":"2021-06-28 23:41:46","publish_time":"2021-06-28 21:31:37","img_exp_type":"3","img":"http://inews.gtimg.com/newsapp_ls/0/13706081589_640330/0"},{"cms_id":"20210628A0CMO300","title":"任嘉伦2021霸屏新剧，与白鹿组CP，部部爆款，哪部是你的最爱呢","subtitle":"","url":"https://new.qq.com/omn/20210628/20210628A0CMO300.html","thumb_nail":"http://inews.gtimg.com/newsapp_ls/0/13706092002_150120/0","thumb_nail_2x":"http://inews.gtimg.com/newsapp_ls/0/13706092002_640330/0","top_big_img":["http://inews.gtimg.com/newsapp_ls/0/13706092002_485350/0","http://inews.gtimg.com/newsapp_ls/0/13706092007_485350/0","http://inews.gtimg.com/newsapp_ls/0/13706092011_485350/0"],"category_id":"2","category_name":"ent","category_cn":"娱乐","sub_category_id":"201","sub_category_name":"ent_dianshiju","sub_category_cn":"电视剧","status":4,"tags":[{"tag_id":"9233990","tag_word":"任嘉伦","tag_score":"0.356227"},{"tag_id":"21229248","tag_word":"周生辰","tag_score":"0.193605"},{"tag_id":"22061516","tag_word":"刘远文","tag_score":"0.100908"},{"tag_id":"4587382","tag_word":"白鹿","tag_score":"0.097172"},{"tag_id":"23773022","tag_word":"时宜","tag_score":"0.048869"},{"tag_id":"647485","tag_word":"cp感","tag_score":"0.048869"},{"tag_id":"8867672","tag_word":"不说再见","tag_score":"0.048869"},{"tag_id":"8772826","tag_word":"张钧甯","tag_score":"0.048869"},{"tag_id":"1339115","tag_word":"穆青","tag_score":"0.048869"},{"tag_id":"2841491","tag_word":"一生一世","tag_score":"0.007742"}],"media_id":"19417942","media_name":"大西瓜侃娱乐","point":"3","article_type":0,"pool_name":"ent_pool","security_field":1,"article_id":"20210628A0CMO3","source":"om","comment_id":"7044532537","comment_num":"0","create_time":"2021-06-28 23:39:32","update_time":"2021-06-28 23:39:32","publish_time":"2021-06-28 21:35:29","img_exp_type":"3","img":"http://inews.gtimg.com/newsapp_ls/0/13706092002_640330/0"},{"cms_id":"20210628A0DRVZ00","title":"剧本修改完毕，陈展鹏正式进组高海宁新剧，疑似接替张颖康做男二","subtitle":"","url":"https://new.qq.com/omn/20210628/20210628A0DRVZ00.html","thumb_nail":"http://inews.gtimg.com/newsapp_ls/0/13706437752_150120/0","thumb_nail_2x":"http://inews.gtimg.com/newsapp_ls/0/13706437752_640330/0","top_big_img":["http://inews.gtimg.com/newsapp_ls/0/13706437752_485350/0","http://inews.gtimg.com/newsapp_ls/0/13706437754_485350/0","http://inews.gtimg.com/newsapp_ls/0/13706437758_485350/0"],"category_id":"2","category_name":"ent","category_cn":"娱乐","sub_category_id":"206","sub_category_name":"ent_gangtai","sub_category_cn":"港台明星","status":4,"tags":[{"tag_id":"5683173","tag_word":"陈展鹏","tag_score":"0.217563"},{"tag_id":"709502","tag_word":"高海宁","tag_score":"0.149957"},{"tag_id":"3537935","tag_word":"曾励珍","tag_score":"0.12484"},{"tag_id":"1155562","tag_word":"张颖康","tag_score":"0.073202"},{"tag_id":"5286095","tag_word":"张振朗","tag_score":"0.07103"},{"tag_id":"5368682","tag_word":"tvb","tag_score":"0.07065"},{"tag_id":"5311097","tag_word":"曾志伟","tag_score":"0.070178"},{"tag_id":"8340164","tag_word":"杜之克","tag_score":"0.068759"},{"tag_id":"20142554","tag_word":"刘家豪","tag_score":"0.062974"}],"media_id":"5587778","media_name":"港剧辣评社","point":"3","article_type":0,"pool_name":"ent_pool","security_field":1,"article_id":"20210628A0DRVZ","source":"om","comment_id":"7044917308","comment_num":"0","create_time":"2021-06-28 23:38:22","update_time":"2021-06-28 23:38:22","publish_time":"2021-06-28 23:36:30","img_exp_type":"3","img":"http://inews.gtimg.com/newsapp_ls/0/13706437752_640330/0"},{"cms_id":"20210628A0DREB00","title":"内娱第一赚钱鬼才翻车，承包了我好几天的笑点","subtitle":"","url":"https://new.qq.com/omn/20210628/20210628A0DREB00.html","thumb_nail":"http://inews.gtimg.com/newsapp_ls/0/13706439672_150120/0","thumb_nail_2x":"http://inews.gtimg.com/newsapp_ls/0/13706439672_640330/0","top_big_img":["http://inews.gtimg.com/newsapp_ls/0/13706439672_485350/0","http://inews.gtimg.com/newsapp_ls/0/13706439679_485350/0","http://inews.gtimg.com/newsapp_ls/0/13706439685_485350/0"],"category_id":"2","category_name":"ent","category_cn":"娱乐","sub_category_id":"207","sub_category_name":"ent_rihan","sub_category_cn":"日韩明星","status":4,"tags":[{"tag_id":"3367322","tag_word":"马嘉祺","tag_score":"0.315692"},{"tag_id":"25710901","tag_word":"时代少年团","tag_score":"0.142111"},{"tag_id":"6339820","tag_word":"李飞","tag_score":"0.093618"},{"tag_id":"8898480","tag_word":"tfboys","tag_score":"0.086524"},{"tag_id":"5139600","tag_word":"高考","tag_score":"0.063544"},{"tag_id":"21961029","tag_word":"时代峰峻","tag_score":"0.062874"}],"media_id":"5006976","media_name":"东邪西媚","point":"3","article_type":0,"pool_name":"ent_pool","security_field":1,"article_id":"20210628A0DREB","source":"om","comment_id":"7044912860","comment_num":"0","create_time":"2021-06-28 23:38:00","update_time":"2021-06-28 23:38:00","publish_time":"2021-06-28 23:34:34","img_exp_type":"3","img":"http://inews.gtimg.com/newsapp_ls/0/13706439672_640330/0"}]}}