{"ret":0,"msg":"success","data":{"list":[{"cms_id":"20210628A0B1WI00","title":"湖南卫视又一新剧火出圈！收视率破2，全网好评，追剧太上头了","subtitle":"","url":"https://new.qq.com/omn/20210628/20210628A0B1WI00.html","thumb_nail":"http://inews.gtimg.com/newsapp_ls/0/13705701308_150120/0","thumb_nail_2x":"http://inews.gtimg.com/newsapp_ls/0/13705701308_640330/0","top_big_img":["http://inews.gtimg.com/newsapp_ls/0/13705701308_485350/0","http://inews.gtimg.com/newsapp_ls/0/13705701310_485350/0","http://inews.gtimg.com/newsapp_ls/0/13705701311_485350/0"],"category_id":"2","category_name":"ent","category_cn":"娱乐","sub_category_id":"201","sub_category_name":"ent_dianshiju","sub_category_cn":"电视剧","status":4,"tags":[{"tag_id":"6713655","tag_word":"湖南卫视","tag_score":"0.346982"},{"tag_id":"22810774","tag_word":"觉醒年代","tag_score":"0.242798"},{"tag_id":"8415871","tag_word":"收视率","tag_score":"0.210991"},{"tag_id":"21209232","tag_word":"百炼成钢","tag_score":"0.123218"},{"tag_id":"6678516","tag_word":"李大钊","tag_score":"0.028536"}],"media_id":"17288103","media_name":"娱乐圈十三太保","point":"3","article_type":0,"pool_name":"ent_pool","security_field":1,"article_id":"20210628A0B1WI","source":"om","comment_id":"7044047792","comment_num":"0","create_time":"2021-06-28 22:42:32","update_time":"2021-06-28 22:42:32","publish_time":"2021-06-28 19:35:21","img_exp_type":"3","img":"http://inews.gtimg.com/newsapp_ls/0/13705701308_640330/0"},{"cms_id":"20210628A0B6YQ00","title":"又一女富豪崛起，23岁继承父亲家业，现如今掌握8700亿资本","subtitle":"","url":"https://new.qq.com/omn/20210628/20210628A0B6YQ00.html","thumb_nail":"http://inews.gtimg.com/newsapp_ls/0/13705692978_150120/0","thumb_nail_2x":"http://inews.gtimg.com/newsapp_ls/0/13705692978_640330/0","top_big_img":[],"category_id":"2","category_name":"ent","category_cn":"娱乐","sub_category_id":"207","sub_category_name":"ent_rihan","sub_category_cn":"日韩明星","status":4,"tags":[{"tag_id":"20885708","tag_word":"林晓芸","tag_score":"0.34454"},{"tag_id":"25912458","tag_word":"浪淘沙·其八","tag_score":"0.257243"},{"tag_id":"7062729","tag_word":"王思聪","tag_score":"0.169598"},{"tag_id":"23166818","tag_word":"中鑫金业集团","tag_score":"0.148288"},{"tag_id":"22514935","tag_word":"中鑫集团","tag_score":"0.038942"}],"media_id":"19400349","media_name":"花怜动漫","point":"3","article_type":0,"pool_name":"ent_pool","security_field":1,"article_id":"20210628A0B6YQ","source":"om","comment_id":"7044090706","comment_num":"0","create_time":"2021-06-28 22:41:55","update_time":"2021-06-28 22:41:55","publish_time":"2021-06-28 19:46:20","img_exp_type":"1","img":"http://inews.gtimg.com/newsapp_ls/0/13705692978_640330/0"},{"cms_id":"20210628A0DACH00","title":"王为念欺骗父母有对象和二胎？惹老人白欢喜一场，离婚两次仍单身","subtitle":"","url":"https://new.qq.com/omn/20210628/20210628A0DACH00.html","thumb_nail":"http://inews.gtimg.com/newsapp_ls/0/13706283430_150120/0","thumb_nail_2x":"http://inews.gtimg.com/newsapp_ls/0/13706283430_640330/0","top_big_img":["http://inews.gtimg.com/newsapp_ls/0/13706283430_485350/0","http://inews.gtimg.com/newsapp_ls/0/13706283431_485350/0","http://inews.gtimg.com/newsapp_ls/0/13706283432_485350/0"],"category_id":"2","category_name":"ent","category_cn":"娱乐","sub_category_id":"207","sub_category_name":"ent_rihan","sub_category_cn":"日韩明星","status":4,"tags":[{"tag_id":"3640455","tag_word":"王为念","tag_score":"0.39015"},{"tag_id":"5261538","tag_word":"白欢喜","tag_score":"0.247699"},{"tag_id":"8239838","tag_word":"离婚","tag_score":"0.203102"},{"tag_id":"6024569","tag_word":"小香玉","tag_score":"0.052604"},{"tag_id":"6253512","tag_word":"央视","tag_score":"0.025161"}],"media_id":"5553096","media_name":"猫眼娱乐","point":"3","article_type":0,"pool_name":"ent_pool","security_field":1,"article_id":"20210628A0DACH","source":"om","comment_id":"7044730270","comment_num":"0","create_time":"2021-06-28 22:41:41","update_time":"2021-06-28 22:41:41","publish_time":"2021-06-28 22:35:48","img_exp_type":"3","img":"http://inews.gtimg.com/newsapp_ls/0/13706283430_640330/0"},{"cms_id":"20210628A0DA1C00","title":"赵丽颖最新美照甜度满分，露香肩秀完美锁骨，巧笑嫣然少女感十足","subtitle":"","url":"https://new.qq.com/omn/20210628/20210628A0DA1C00.html","thumb_nail":"http://inews.gtimg.com/newsapp_ls/0/13706289010_150120/0","thumb_nail_2x":"http://inews.gtimg.com/newsapp_ls/0/13706289010_640330/0","top_big_img":["http://inews.gtimg.com/newsapp_ls/0/13706289010_485350/0","http://inews.gtimg.com/newsapp_ls/0/13706289013_485350/0","http://inews.gtimg.com/newsapp_ls/0/13706289016_485350/0"],"category_id":"2","category_name":"ent","category_cn":"娱乐","sub_category_id":"205","sub_category_name":"ent_dalu","sub_category_cn":"大陆明星","status":4,"tags":[{"tag_id":"1560555","tag_word":"赵丽颖","tag_score":"0.611084"}],"media_id":"6543888","media_name":"楚雨荨吃牛肉面","point":"3","article_type":0,"pool_name":"ent_pool","security_field":1,"article_id":"20210628A0DA1C","source":"om","comment_id":"7044727378","comment_num":"0","create_time":"2021-06-28 22:39:25","update_time":"2021-06-28 22:39:25","publish_time":"2021-06-28 22:37:41","img_exp_type":"3","img":"http://inews.gtimg.com/newsapp_ls/0/13706289010_640330/0"},{"cms_id":"20210628A0D8ZM00","title":"周冬雨、章子怡主演的古装剧都崩了，看来张艺谋说对了！","subtitle":"","url":"https://new.qq.com/omn/20210628/20210628A0D8ZM00.html","thumb_nail":"http://inews.gtimg.com/newsapp_ls/0/13706289812_150120/0","thumb_nail_2x":"http://inews.gtimg.com/newsapp_ls/0/13706289812_640330/0","top_big_img":["http://inews.gtimg.com/newsapp_ls/0/13706289812_485350/0","http://inews.gtimg.com/newsapp_ls/0/13706289816_485350/0","http://inews.gtimg.com/newsapp_ls/0/13706289817_485350/0"],"category_id":"2","category_name":"ent","category_cn":"娱乐","sub_category_id":"205","sub_category_name":"ent_dalu","sub_category_cn":"大陆明星","status":4,"tags":[{"tag_id":"7408565","tag_word":"周冬雨","tag_score":"0.298942"},{"tag_id":"4861489","tag_word":"章子怡","tag_score":"0.216609"},{"tag_id":"5491374","tag_word":"张艺谋","tag_score":"0.177975"},{"tag_id":"26829122","tag_word":"千古玦尘","tag_score":"0.130932"},{"tag_id":"5859440","tag_word":"倪妮","tag_score":"0.065049"}],"media_id":"10319","media_name":"电影生活","point":"2","article_type":0,"pool_name":"ent_pool","security_field":1,"article_id":"20210628A0D8ZM","source":"om","comment_id":"7044718170","comment_num":"1","create_time":"2021-06-28 22:39:20","update_time":"2021-06-28 22:39:20","publish_time":"2021-06-28 22:37:46","img_exp_type":"3","img":"http://inews.gtimg.com/newsapp_ls/0/13706289812_640330/0"},{"cms_id":"20210628A0CX2500","title":"53岁伊能静带女儿看演出，生图曝光真实颜值，网友：皮肤坑坑洼洼","subtitle":"","url":"https://new.qq.com/omn/20210628/20210628A0CX2500.html","thumb_nail":"http://inews.gtimg.com/newsapp_ls/0/13706289708_150120/0","thumb_nail_2x":"http://inews.gtimg.com/newsapp_ls/0/13706289708_640330/0","top_big_img":[],"category_id":"2","category_name":"ent","category_cn":"娱乐","sub_category_id":"206","sub_category_name":"ent_gangtai","sub_category_cn":"港台明星","status":4,"tags":[{"tag_id":"6651232","tag_word":"伊能静","tag_score":"0.417846"},{"tag_id":"22482819","tag_word":"生图","tag_score":"0.222846"},{"tag_id":"9313414","tag_word":"颜值","tag_score":"0.194068"},{"tag_id":"2482769","tag_word":"哈利","tag_score":"0.057642"}],"media_id":"5084737","media_name":"烫手煽娱","point":"3","article_type":0,"pool_name":"ent_pool","security_field":1,"article_id":"20210628A0CX25","source":"om","comment_id":"7044618491","comment_num":"0","create_time":"2021-06-28 22:39:13","update_time":"2021-06-28 22:39:13","publish_time":"2021-06-28 22:37:36","img_exp_type":"1","img":"http://inews.gtimg.com/newsapp_ls/0/13706289708_640330/0"},{"cms_id":"20210628A09A4H00","title":"《千古玦尘》后池、清穆有个孩子？也是一个蛋，由凤染、天启养大","subtitle":"","url":"https://new.qq.com/omn/20210628/20210628A09A4H00.html","thumb_nail":"http://inews.gtimg.com/newsapp_ls/0/13705215582_150120/0","thumb_nail_2x":"http://inews.gtimg.com/newsapp_ls/0/13705215582_640330/0","top_big_img":["http://inews.gtimg.com/newsapp_ls/0/13705215582_485350/0","http://inews.gtimg.com/newsapp_ls/0/13705215586_485350/0","http://inews.gtimg.com/newsapp_ls/0/13705215588_485350/0"],"category_id":"2","category_name":"ent","category_cn":"娱乐","sub_category_id":"201","sub_category_name":"ent_dianshiju","sub_category_cn":"电视剧","status":4,"tags":[{"tag_id":"26829122","tag_word":"千古玦尘","tag_score":"0.280049"},{"tag_id":"25294051","tag_word":"清穆","tag_score":"0.232506"},{"tag_id":"32011459","tag_word":"凤染","tag_score":"0.188953"},{"tag_id":"23373256","tag_word":"白玦","tag_score":"0.159442"}],"media_id":"8233338","media_name":"天下论武小达人","point":"3","article_type":0,"pool_name":"ent_pool","security_field":1,"article_id":"20210628A09A4H","source":"om","comment_id":"7043574067","comment_num":"0","create_time":"2021-06-28 22:38:55","update_time":"2021-06-28 22:38:55","publish_time":"2021-06-28 17:57:41","img_exp_type":"3","img":"http://inews.gtimg.com/newsapp_ls/0/13705215582_640330/0"},{"cms_id":"20210628A0CBGR00","title":"五十公里桃花坞：看到有人为张翰郭麒麟鸣不平，更加心疼孟子义","subtitle":"","url":"https://new.qq.com/omn/20210628/20210628A0CBGR00.html","thumb_nail":"http://inews.gtimg.com/newsapp_ls/0/13706286117_150120/0","thumb_nail_2x":"http://inews.gtimg.com/newsapp_ls/0/13706286117_640330/0","top_big_img":["http://inews.gtimg.com/newsapp_ls/0/13706286117_485350/0","http://inews.gtimg.com/newsapp_ls/0/13706286120_485350/0","http://inews.gtimg.com/newsapp_ls/0/13706286126_485350/0"],"category_id":"2","category_name":"ent","category_cn":"娱乐","sub_category_id":"205","sub_category_name":"ent_dalu","sub_category_cn":"大陆明星","status":4,"tags":[{"tag_id":"8126950","tag_word":"孟子义","tag_score":"0.226792"},{"tag_id":"6427817","tag_word":"张翰","tag_score":"0.217836"},{"tag_id":"29142718","tag_word":"五十公里桃花坞","tag_score":"0.217662"},{"tag_id":"1115374","tag_word":"郭麒麟","tag_score":"0.206501"},{"tag_id":"8682751","tag_word":"赖冠霖","tag_score":"0.046203"},{"tag_id":"8231520","tag_word":"宋丹丹","tag_score":"0.043446"},{"tag_id":"22759862","tag_word":"周也","tag_score":"0.041562"}],"media_id":"14055198","media_name":"娱乐弦外音","point":"3","article_type":0,"pool_name":"ent_pool","security_field":1,"article_id":"20210628A0CBGR","source":"om","comment_id":"7044434852","comment_num":"0","create_time":"2021-06-28 22:38:32","update_time":"2021-06-28 22:38:32","publish_time":"2021-06-28 22:36:21","img_exp_type":"3","img":"http://inews.gtimg.com/newsapp_ls/0/13706286117_640330/0"},{"cms_id":"20210628A0D9O400","title":"孙红雷也开始不爱惜羽毛了，老戏骨的年龄却老干流量演员干的事","subtitle":"","url":"https://new.qq.com/omn/20210628/20210628A0D9O400.html","thumb_nail":"http://inews.gtimg.com/newsapp_ls/0/13706277324_150120/0","thumb_nail_2x":"http://inews.gtimg.com/newsapp_ls/0/13706277324_640330/0","top_big_img":["http://inews.gtimg.com/newsapp_ls/0/13706277324_485350/0","http://inews.gtimg.com/newsapp_ls/0/13706277327_485350/0","http://inews.gtimg.com/newsapp_ls/0/13706277329_485350/0"],"category_id":"2","category_name":"ent","category_cn":"娱乐","sub_category_id":"203","sub_category_name":"ent_zongyi","sub_category_cn":"综艺","status":4,"tags":[{"tag_id":"8858774","tag_word":"孙红雷","tag_score":"0.377873"},{"tag_id":"498385","tag_word":"老戏骨","tag_score":"0.171773"},{"tag_id":"30919267","tag_word":"萌探探探案","tag_score":"0.113003"},{"tag_id":"4651715","tag_word":"极限挑战","tag_score":"0.098999"}],"media_id":"5881814","media_name":"逍遥扒扒娱","point":"3","article_type":0,"pool_name":"ent_pool","security_field":1,"article_id":"20210628A0D9O4","source":"om","comment_id":"7044723263","comment_num":"0","create_time":"2021-06-28 22:35:20","update_time":"2021-06-28 22:35:20","publish_time":"2021-06-28 22:33:35","img_exp_type":"3","img":"http://inews.gtimg.com/newsapp_ls/0/13706277324_640330/0"},{"cms_id":"20210628A0BKXZ00","title":"韦唯三个儿子出游，23岁的小儿子晒女友，半生已过，情路坎坷","subtitle":"","url":"https://new.qq.com/omn/20210628/20210628A0BKXZ00.html","thumb_nail":"http://inews.gtimg.com/newsapp_ls/0/13705799089_150120/0","thumb_nail_2x":"http://inews.gtimg.com/newsapp_ls/0/13705799089_640330/0","top_big_img":["http://inews.gtimg.com/newsapp_ls/0/13705799089_485350/0","http://inews.gtimg.com/newsapp_ls/0/13705799098_485350/0","http://inews.gtimg.com/newsapp_ls/0/13705799109_485350/0"],"category_id":"2","category_name":"ent","category_cn":"娱乐","sub_category_id":"205","sub_category_name":"ent_dalu","sub_category_cn":"大陆明星","status":4,"tags":[{"tag_id":"9907564","tag_word":"韦唯","tag_score":"0.411996"},{"tag_id":"21123483","tag_word":"韦紫湦","tag_score":"0.218929"},{"tag_id":"21240916","tag_word":"中国铁路文工团","tag_score":"0.118089"},{"tag_id":"3738866","tag_word":"付笛声","tag_score":"0.070235"}],"media_id":"6037349","media_name":"木子默","point":"3","article_type":0,"pool_name":"ent_pool","security_field":1,"article_id":"20210628A0BKXZ","source":"om","comment_id":"7044199084","comment_num":"0","create_time":"2021-06-28 22:34:20","update_time":"2021-06-28 22:34:20","publish_time":"2021-06-28 20:12:12","img_exp_type":"3","img":"http://inews.gtimg.com/newsapp_ls/0/13705799089_640330/0"},{"cms_id":"20210628A0D8XF00","title":"港媒曝赵薇老公黄有龙又被追债，共计2.5亿，仅利息就高达1.2亿","subtitle":"","url":"https://new.qq.com/omn/20210628/20210628A0D8XF00.html","thumb_nail":"http://inews.gtimg.com/newsapp_ls/0/13706272576_150120/0","thumb_nail_2x":"http://inews.gtimg.com/newsapp_ls/0/13706272576_640330/0","top_big_img":["http://inews.gtimg.com/newsapp_ls/0/13706272576_485350/0","http://inews.gtimg.com/newsapp_ls/0/13706272579_485350/0","http://inews.gtimg.com/newsapp_ls/0/13706272581_485350/0"],"category_id":"2","category_name":"ent","category_cn":"娱乐","sub_category_id":"205","sub_category_name":"ent_dalu","sub_category_cn":"大陆明星","status":4,"tags":[{"tag_id":"56777","tag_word":"黄有龙","tag_score":"0.365426"},{"tag_id":"5252815","tag_word":"赵薇","tag_score":"0.308085"},{"tag_id":"31901890","tag_word":"逢宇峰","tag_score":"0.14209"},{"tag_id":"607312","tag_word":"蔡一凤","tag_score":"0.104614"}],"media_id":"5520031","media_name":"开开森森","point":"2","article_type":0,"pool_name":"ent_pool","security_field":1,"article_id":"20210628A0D8XF","source":"om","comment_id":"7044717378","comment_num":"0","create_time":"2021-06-28 22:33:53","update_time":"2021-06-28 22:33:53","publish_time":"2021-06-28 22:31:54","img_exp_type":"3","img":"http://inews.gtimg.com/newsapp_ls/0/13706272576_640330/0"},{"cms_id":"20210628A0AJ1M00","title":"章子怡5.7分，周冬雨4.9分！或许，巩俐从不演电视剧是对的","subtitle":"","url":"https://new.qq.com/omn/20210628/20210628A0AJ1M00.html","thumb_nail":"http://inews.gtimg.com/newsapp_ls/0/13705840485_150120/0","thumb_nail_2x":"http://inews.gtimg.com/newsapp_ls/0/13705840485_640330/0","top_big_img":["http://inews.gtimg.com/newsapp_ls/0/13705840485_485350/0","http://inews.gtimg.com/newsapp_ls/0/13705840488_485350/0","http://inews.gtimg.com/newsapp_ls/0/13705840492_485350/0"],"category_id":"2","category_name":"ent","category_cn":"娱乐","sub_category_id":"205","sub_category_name":"ent_dalu","sub_category_cn":"大陆明星","status":4,"tags":[{"tag_id":"7408565","tag_word":"周冬雨","tag_score":"0.289624"},{"tag_id":"4861489","tag_word":"章子怡","tag_score":"0.272103"},{"tag_id":"26829122","tag_word":"千古玦尘","tag_score":"0.171037"},{"tag_id":"6869642","tag_word":"巩俐","tag_score":"0.157248"},{"tag_id":"5859440","tag_word":"倪妮","tag_score":"0.04754"}],"media_id":"5788647","media_name":"谁红跟谁玩","point":"3","article_type":0,"pool_name":"ent_pool","security_field":1,"article_id":"20210628A0AJ1M","source":"om","comment_id":"7043889284","comment_num":"1","create_time":"2021-06-28 22:32:42","update_time":"2021-06-28 22:32:42","publish_time":"2021-06-28 20:23:24","img_exp_type":"3","img":"http://inews.gtimg.com/newsapp_ls/0/13705840485_640330/0"},{"cms_id":"20210628A04Y2Z00","title":"《叛逆者》不该忽视赵京隆，作为林楠笙僚机，作用堪比李涯","subtitle":"","url":"https://new.qq.com/omn/20210628/20210628A04Y2Z00.html","thumb_nail":"http://inews.gtimg.com/newsapp_ls/0/13705863136_150120/0","thumb_nail_2x":"http://inews.gtimg.com/newsapp_ls/0/13705863136_640330/0","top_big_img":["http://inews.gtimg.com/newsapp_ls/0/13705863136_485350/0","http://inews.gtimg.com/newsapp_ls/0/13705863138_485350/0","http://inews.gtimg.com/newsapp_ls/0/13705863144_485350/0"],"category_id":"2","category_name":"ent","category_cn":"娱乐","sub_category_id":"201","sub_category_name":"ent_dianshiju","sub_category_cn":"电视剧","status":4,"tags":[{"tag_id":"23882570","tag_word":"林楠笙","tag_score":"0.231192"},{"tag_id":"31471186","tag_word":"赵京隆","tag_score":"0.202294"},{"tag_id":"31135023","tag_word":"顾慎言","tag_score":"0.186908"},{"tag_id":"22466277","tag_word":"叛逆者","tag_score":"0.178425"},{"tag_id":"26748085","tag_word":"陈默群","tag_score":"0.151451"},{"tag_id":"440547","tag_word":"李涯","tag_score":"0.049731"}],"media_id":"13011655","media_name":"我就是个码字的","point":"3","article_type":0,"pool_name":"ent_pool","security_field":1,"article_id":"20210628A04Y2Z","source":"om","comment_id":"7042427001","comment_num":"0","create_time":"2021-06-28 22:32:35","update_time":"2021-06-28 22:32:35","publish_time":"2021-06-28 20:30:00","img_exp_type":"3","img":"http://inews.gtimg.com/newsapp_ls/0/13705863136_640330/0"},{"cms_id":"20210628A0BRGD00","title":"《叛逆者》最后一集交代了所有人的结局，童瑶成了最大败笔","subtitle":"","url":"https://new.qq.com/omn/20210628/20210628A0BRGD00.html","thumb_nail":"http://inews.gtimg.com/newsapp_ls/0/13705853007_150120/0","thumb_nail_2x":"http://inews.gtimg.com/newsapp_ls/0/13705853007_640330/0","top_big_img":["http://inews.gtimg.com/newsapp_ls/0/13705853007_485350/0","http://inews.gtimg.com/newsapp_ls/0/13705853009_485350/0","http://inews.gtimg.com/newsapp_ls/0/13705853011_485350/0"],"category_id":"2","category_name":"ent","category_cn":"娱乐","sub_category_id":"201","sub_category_name":"ent_dianshiju","sub_category_cn":"电视剧","status":4,"tags":[{"tag_id":"22466277","tag_word":"叛逆者","tag_score":"0.294114"},{"tag_id":"6487475","tag_word":"童瑶","tag_score":"0.18811"},{"tag_id":"31135023","tag_word":"顾慎言","tag_score":"0.098352"},{"tag_id":"26607403","tag_word":"朱怡贞","tag_score":"0.090993"},{"tag_id":"23882570","tag_word":"林楠笙","tag_score":"0.080582"},{"tag_id":"26748085","tag_word":"陈默群","tag_score":"0.04555"},{"tag_id":"136473","tag_word":"猫眼","tag_score":"0.04555"},{"tag_id":"31702387","tag_word":"孟安南","tag_score":"0.03883"},{"tag_id":"2631569","tag_word":"谍战剧","tag_score":"0.008851"}],"media_id":"17288103","media_name":"娱乐圈十三太保","point":"3","article_type":0,"pool_name":"ent_pool","security_field":1,"article_id":"20210628A0BRGD","source":"om","comment_id":"7044266250","comment_num":"4","create_time":"2021-06-28 22:32:34","update_time":"2021-06-28 22:32:34","publish_time":"2021-06-28 20:26:40","img_exp_type":"3","img":"http://inews.gtimg.com/newsapp_ls/0/13705853007_640330/0"},{"cms_id":"20210628A07VA900","title":"湖南卫视又一大剧来袭，清一色的戏骨出演，冲张嘉译刘敏涛追定了","subtitle":"","url":"https://new.qq.com/omn/20210628/20210628A07VA900.html","thumb_nail":"http://inews.gtimg.com/newsapp_ls/0/13704848645_150120/0","thumb_nail_2x":"http://inews.gtimg.com/newsapp_ls/0/13704848645_640330/0","top_big_img":["http://inews.gtimg.com/newsapp_ls/0/13704848645_485350/0","http://inews.gtimg.com/newsapp_ls/0/13704848646_485350/0","http://inews.gtimg.com/newsapp_ls/0/13704848649_485350/0"],"category_id":"2","category_name":"ent","category_cn":"娱乐","sub_category_id":"201","sub_category_name":"ent_dianshiju","sub_category_cn":"电视剧","status":4,"tags":[{"tag_id":"6365226","tag_word":"刘敏涛","tag_score":"0.261467"},{"tag_id":"20706655","tag_word":"张嘉益","tag_score":"0.223032"},{"tag_id":"6713655","tag_word":"湖南卫视","tag_score":"0.199617"},{"tag_id":"20143833","tag_word":"小舍得","tag_score":"0.124317"},{"tag_id":"1812116","tag_word":"爱很美","tag_score":"0.107957"},{"tag_id":"492842","tag_word":"沙溢","tag_score":"0.083611"}],"media_id":"10604259","media_name":"糊咖娱乐","point":"3","article_type":0,"pool_name":"ent_pool","security_field":1,"article_id":"20210628A07VA9","source":"om","comment_id":"7043243203","comment_num":"0","create_time":"2021-06-28 22:31:59","update_time":"2021-06-28 22:31:59","publish_time":"2021-06-28 16:57:24","img_exp_type":"3","img":"http://inews.gtimg.com/newsapp_ls/0/13704848645_640330/0"},{"cms_id":"20210628A0B7ZD00","title":"《向往的生活》何老师搬外援，嘉宾们干最累的话，却没多少镜头","subtitle":"","url":"https://new.qq.com/omn/20210628/20210628A0B7ZD00.html","thumb_nail":"http://inews.gtimg.com/newsapp_ls/0/13705702829_150120/0","thumb_nail_2x":"http://inews.gtimg.com/newsapp_ls/0/13705702829_640330/0","top_big_img":[],"category_id":"2","category_name":"ent","category_cn":"娱乐","sub_category_id":"203","sub_category_name":"ent_zongyi","sub_category_cn":"综艺","status":4,"tags":[{"tag_id":"6445862","tag_word":"向往的生活","tag_score":"0.392549"},{"tag_id":"20407323","tag_word":"蘑菇屋","tag_score":"0.145828"},{"tag_id":"2566704","tag_word":"梁靖康","tag_score":"0.123094"},{"tag_id":"5630873","tag_word":"彭昱畅","tag_score":"0.112917"},{"tag_id":"4428231","tag_word":"张艺兴","tag_score":"0.109687"},{"tag_id":"30486130","tag_word":"五斗米仓库","tag_score":"0.036274"},{"tag_id":"2570885","tag_word":"黄雅莉","tag_score":"0.036238"}],"media_id":"20289018","media_name":"娱乐小新态度","point":"3","article_type":0,"pool_name":"ent_pool","security_field":1,"article_id":"20210628A0B7ZD","source":"om","comment_id":"7044099596","comment_num":"0","create_time":"2021-06-28 22:31:46","update_time":"2021-06-28 22:31:46","publish_time":"2021-06-28 19:48:49","img_exp_type":"1","img":"http://inews.gtimg.com/newsapp_ls/0/13705702829_640330/0"},{"cms_id":"20210628A0D75300","title":"这烂剧，官媒点名，电竞粉愤怒，程潇再美许凯再帅有什么用？","subtitle":"","url":"https://new.qq.com/omn/20210628/20210628A0D75300.html","thumb_nail":"http://inews.gtimg.com/newsapp_ls/0/13706258366_150120/0","thumb_nail_2x":"http://inews.gtimg.com/newsapp_ls/0/13706258366_640330/0","top_big_img":["http://inews.gtimg.com/newsapp_ls/0/13706258366_485350/0","http://inews.gtimg.com/newsapp_ls/0/13706258370_485350/0","http://inews.gtimg.com/newsapp_ls/0/13706258375_485350/0"],"category_id":"2","category_name":"ent","category_cn":"娱乐","sub_category_id":"201","sub_category_name":"ent_dianshiju","sub_category_cn":"电视剧","status":4,"tags":[{"tag_id":"2501154","tag_word":"你微笑时很美","tag_score":"0.255069"},{"tag_id":"1115895","tag_word":"许凯","tag_score":"0.215584"},{"tag_id":"3819608","tag_word":"程潇","tag_score":"0.168766"}],"media_id":"17504057","media_name":"文刀贰","point":"3","article_type":0,"pool_name":"ent_pool","security_field":1,"article_id":"20210628A0D753","source":"om","comment_id":"7044700621","comment_num":"0","create_time":"2021-06-28 22:31:13","update_time":"2021-06-28 22:31:13","publish_time":"2021-06-28 22:26:39","img_exp_type":"3","img":"http://inews.gtimg.com/newsapp_ls/0/13706258366_640330/0"},{"cms_id":"20210628A0BHXM00","title":"佟丽娅被前夫陈思诚大赞演技高超，亲切称呼丫丫，两人现在咋样了","subtitle":"","url":"https://new.qq.com/omn/20210628/20210628A0BHXM00.html","thumb_nail":"http://inews.gtimg.com/newsapp_ls/0/13705778787_150120/0","thumb_nail_2x":"http://inews.gtimg.com/newsapp_ls/0/13705778787_640330/0","top_big_img":["http://inews.gtimg.com/newsapp_ls/0/13705778787_485350/0","http://inews.gtimg.com/newsapp_ls/0/13705778786_485350/0","http://inews.gtimg.com/newsapp_ls/0/13705778790_485350/0"],"category_id":"2","category_name":"ent","category_cn":"娱乐","sub_category_id":"205","sub_category_name":"ent_dalu","sub_category_cn":"大陆明星","status":4,"tags":[{"tag_id":"4916444","tag_word":"佟丽娅","tag_score":"0.364293"},{"tag_id":"9710932","tag_word":"陈思诚","tag_score":"0.31618"},{"tag_id":"8239838","tag_word":"离婚","tag_score":"0.148343"}],"media_id":"5147725","media_name":"前创娱评","point":"3","article_type":0,"pool_name":"ent_pool","security_field":1,"article_id":"20210628A0BHXM","source":"om","comment_id":"7044173640","comment_num":"1","create_time":"2021-06-28 22:28:20","update_time":"2021-06-28 22:28:20","publish_time":"2021-06-28 20:07:22","img_exp_type":"3","img":"http://inews.gtimg.com/newsapp_ls/0/13705778787_640330/0"},{"cms_id":"20210628A0D6U800","title":"林允颜人中恋情被实锤？助理帮林允搬家，连狗都牵到颜人中家里了","subtitle":"","url":"https://new.qq.com/omn/20210628/20210628A0D6U800.html","thumb_nail":"http://inews.gtimg.com/newsapp_ls/0/13706255701_150120/0","thumb_nail_2x":"http://inews.gtimg.com/newsapp_ls/0/13706255701_640330/0","top_big_img":["http://inews.gtimg.com/newsapp_ls/0/13706255701_485350/0","http://inews.gtimg.com/newsapp_ls/0/13706255705_485350/0","http://inews.gtimg.com/newsapp_ls/0/13706255708_485350/0"],"category_id":"2","category_name":"ent","category_cn":"娱乐","sub_category_id":"207","sub_category_name":"ent_rihan","sub_category_cn":"日韩明星","status":4,"tags":[{"tag_id":"8545042","tag_word":"林允","tag_score":"0.3628"},{"tag_id":"22865719","tag_word":"颜人中","tag_score":"0.279103"},{"tag_id":"630956","tag_word":"恋情","tag_score":"0.199858"},{"tag_id":"4685346","tag_word":"周星驰","tag_score":"0.055349"}],"media_id":"5037848","media_name":"李洪伙","point":"3","article_type":0,"pool_name":"ent_pool","security_field":1,"article_id":"20210628A0D6U8","source":"om","comment_id":"7044698290","comment_num":"0","create_time":"2021-06-28 22:27:51","update_time":"2021-06-28 22:27:51","publish_time":"2021-06-28 22:25:52","img_exp_type":"3","img":"http://inews.gtimg.com/newsapp_ls/0/13706255701_640330/0"},{"cms_id":"20210628A0D62U00","title":"一开播就口碑炸了，9.4分的大女主爽剧太强悍","subtitle":"","url":"https://new.qq.com/omn/20210628/20210628A0D62U00.html","thumb_nail":"http://inews.gtimg.com/newsapp_ls/0/13706247721_150120/0","thumb_nail_2x":"http://inews.gtimg.com/newsapp_ls/0/13706247721_640330/0","top_big_img":["http://inews.gtimg.com/newsapp_ls/0/13706247721_485350/0","http://inews.gtimg.com/newsapp_ls/0/13706247722_485350/0","http://inews.gtimg.com/newsapp_ls/0/13706247725_485350/0"],"category_id":"2","category_name":"ent","category_cn":"娱乐","sub_category_id":"201","sub_category_name":"ent_dianshiju","sub_category_cn":"电视剧","status":4,"tags":[{"tag_id":"89539","tag_word":"戴安","tag_score":"0.281737"},{"tag_id":"9343076","tag_word":"傲骨之战","tag_score":"0.274302"},{"tag_id":"5994728","tag_word":"傲骨贤妻","tag_score":"0.098125"},{"tag_id":"5184397","tag_word":"玛雅","tag_score":"0.069161"},{"tag_id":"9378641","tag_word":"卢卡","tag_score":"0.044948"}],"media_id":"7012062","media_name":"神游电影","point":"3","article_type":0,"pool_name":"ent_pool","security_field":1,"article_id":"20210628A0D62U","source":"om","comment_id":"7044690599","comment_num":"0","create_time":"2021-06-28 22:25:28","update_time":"2021-06-28 22:25:28","publish_time":"2021-06-28 22:23:20","img_exp_type":"3","img":"http://inews.gtimg.com/newsapp_ls/0/13706247721_640330/0"}]}}