{"ret":0,"msg":"success","data":{"list":[{"cms_id":"20210628A0A96L00","title":"《拜托了冰箱》被关注吐槽，赵丽颖只能自嘲“我好多余”","subtitle":"","url":"https://new.qq.com/omn/20210628/20210628A0A96L00.html","thumb_nail":"http://inews.gtimg.com/newsapp_ls/0/13705440086_150120/0","thumb_nail_2x":"http://inews.gtimg.com/newsapp_ls/0/13705440086_640330/0","top_big_img":["http://inews.gtimg.com/newsapp_ls/0/13705440086_485350/0","http://inews.gtimg.com/newsapp_ls/0/13705440090_485350/0","http://inews.gtimg.com/newsapp_ls/0/13705440093_485350/0"],"category_id":"2","category_name":"ent","category_cn":"娱乐","sub_category_id":"205","sub_category_name":"ent_dalu","sub_category_cn":"大陆明星","status":4,"tags":[{"tag_id":"1560555","tag_word":"赵丽颖","tag_score":"0.35196"},{"tag_id":"3323504","tag_word":"拜托了冰箱","tag_score":"0.246075"}],"media_id":"5147725","media_name":"前创娱评","point":"3","article_type":0,"pool_name":"ent_pool","security_field":1,"article_id":"20210628A0A96L","source":"om","comment_id":"7043814354","comment_num":"0","create_time":"2021-06-28 21:25:20","update_time":"2021-06-28 21:25:20","publish_time":"2021-06-28 18:42:24","img_exp_type":"3","img":"http://inews.gtimg.com/newsapp_ls/0/13705440086_640330/0"},{"cms_id":"20210628A0CGG500","title":"段奕宏不红，对不起陶虹","subtitle":"","url":"https://new.qq.com/omn/20210628/20210628A0CGG500.html","thumb_nail":"http://inews.gtimg.com/newsapp_ls/0/13706041558_150120/0","thumb_nail_2x":"http://inews.gtimg.com/newsapp_ls/0/13706041558_640330/0","top_big_img":["http://inews.gtimg.com/newsapp_ls/0/13706041558_485350/0","http://inews.gtimg.com/newsapp_ls/0/13706041559_485350/0","http://inews.gtimg.com/newsapp_ls/0/13706041561_485350/0"],"category_id":"2","category_name":"ent","category_cn":"娱乐","sub_category_id":"201","sub_category_name":"ent_dianshiju","sub_category_cn":"电视剧","status":4,"tags":[{"tag_id":"577437","tag_word":"段奕宏","tag_score":"0.471225"},{"tag_id":"6874170","tag_word":"陶虹","tag_score":"0.382852"},{"tag_id":"5518131","tag_word":"士兵突击","tag_score":"0.049663"},{"tag_id":"6254781","tag_word":"袁朗","tag_score":"0.044605"}],"media_id":"18170658","media_name":"电影什么都知道","point":"3","article_type":0,"pool_name":"ent_pool","security_field":1,"article_id":"20210628A0CGG5","source":"om","comment_id":"7044482323","comment_num":"0","create_time":"2021-06-28 21:23:33","update_time":"2021-06-28 21:23:33","publish_time":"2021-06-28 21:20:45","img_exp_type":"3","img":"http://inews.gtimg.com/newsapp_ls/0/13706041558_640330/0"},{"cms_id":"20210628A06TJG00","title":"连续3天，拿下票房冠军！电影《1921》凭什么这么能打？","subtitle":"","url":"https://new.qq.com/omn/20210628/20210628A06TJG00.html","thumb_nail":"http://inews.gtimg.com/newsapp_ls/0/13705555508_150120/0","thumb_nail_2x":"http://inews.gtimg.com/newsapp_ls/0/13705555508_640330/0","top_big_img":["http://inews.gtimg.com/newsapp_ls/0/13705555508_485350/0","http://inews.gtimg.com/newsapp_ls/0/13705555510_485350/0","http://inews.gtimg.com/newsapp_ls/0/13705555512_485350/0"],"category_id":"2","category_name":"ent","category_cn":"娱乐","sub_category_id":"202","sub_category_name":"ent_dianying","sub_category_cn":"电影","status":4,"tags":[{"tag_id":"5842825","tag_word":"票房","tag_score":"0.339359"},{"tag_id":"27499059","tag_word":"1921","tag_score":"0.104359"},{"tag_id":"4522590","tag_word":"导演","tag_score":"0.047367"},{"tag_id":"7577262","tag_word":"王会悟","tag_score":"0.043542"},{"tag_id":"20071644","tag_word":"黄导","tag_score":"0.039203"},{"tag_id":"5859440","tag_word":"倪妮","tag_score":"0.030079"}],"media_id":"18943593","media_name":"追影客栈","point":"3","article_type":0,"pool_name":"ent_pool","security_field":1,"article_id":"20210628A06TJG","source":"om","comment_id":"7042964613","comment_num":"0","create_time":"2021-06-28 21:23:13","update_time":"2021-06-28 21:23:13","publish_time":"2021-06-28 15:54:46","img_exp_type":"3","img":"http://inews.gtimg.com/newsapp_ls/0/13705555508_640330/0"},{"cms_id":"20210628A0ATM900","title":"呜呜姐发文道歉，承认骗人，但是否认炒作CP，喜欢孙一宁的颜","subtitle":"","url":"https://new.qq.com/omn/20210628/20210628A0ATM900.html","thumb_nail":"http://inews.gtimg.com/newsapp_ls/0/13705583831_150120/0","thumb_nail_2x":"http://inews.gtimg.com/newsapp_ls/0/13705583831_640330/0","top_big_img":[],"category_id":"2","category_name":"ent","category_cn":"娱乐","sub_category_id":"205","sub_category_name":"ent_dalu","sub_category_cn":"大陆明星","status":4,"tags":[{"tag_id":"31445426","tag_word":"呜呜姐","tag_score":"0.231324"},{"tag_id":"20658553","tag_word":"孙一宁","tag_score":"0.221512"},{"tag_id":"3071138","tag_word":"炒作","tag_score":"0.207757"},{"tag_id":"7062729","tag_word":"王思聪","tag_score":"0.052526"}],"media_id":"19252307","media_name":"我们的好声音","point":"3","article_type":0,"pool_name":"ent_pool","security_field":1,"article_id":"20210628A0ATM9","source":"om","comment_id":"7043979412","comment_num":"0","create_time":"2021-06-28 21:22:53","update_time":"2021-06-28 21:22:53","publish_time":"2021-06-28 19:18:48","img_exp_type":"1","img":"http://inews.gtimg.com/newsapp_ls/0/13705583831_640330/0"},{"cms_id":"20210628A0CF3V00","title":"TVB前港姐朱千雪喜迎33岁生日，网友送祝福，本人却纠结发型问题","subtitle":"","url":"https://new.qq.com/omn/20210628/20210628A0CF3V00.html","thumb_nail":"http://inews.gtimg.com/newsapp_ls/0/13706038327_150120/0","thumb_nail_2x":"http://inews.gtimg.com/newsapp_ls/0/13706038327_640330/0","top_big_img":["http://inews.gtimg.com/newsapp_ls/0/13706038327_485350/0","http://inews.gtimg.com/newsapp_ls/0/13706038337_485350/0","http://inews.gtimg.com/newsapp_ls/0/13706038338_485350/0"],"category_id":"2","category_name":"ent","category_cn":"娱乐","sub_category_id":"206","sub_category_name":"ent_gangtai","sub_category_cn":"港台明星","status":4,"tags":[{"tag_id":"8242282","tag_word":"朱千雪","tag_score":"0.319583"},{"tag_id":"5368682","tag_word":"tvb","tag_score":"0.231702"},{"tag_id":"4893920","tag_word":"香港小姐","tag_score":"0.203535"},{"tag_id":"76541","tag_word":"王浩信","tag_score":"0.087349"},{"tag_id":"360804","tag_word":"黄翠如","tag_score":"0.083094"}],"media_id":"5074249","media_name":"剧透社娱乐","point":"3","article_type":0,"pool_name":"ent_pool","security_field":1,"article_id":"20210628A0CF3V","source":"om","comment_id":"7044471054","comment_num":"0","create_time":"2021-06-28 21:21:29","update_time":"2021-06-28 21:21:29","publish_time":"2021-06-28 21:19:53","img_exp_type":"3","img":"http://inews.gtimg.com/newsapp_ls/0/13706038327_640330/0"},{"cms_id":"20210628A0CFTG00","title":"从周冬雨拍仙侠剧，我看到了娱乐圈的致命问题","subtitle":"","url":"https://new.qq.com/omn/20210628/20210628A0CFTG00.html","thumb_nail":"http://inews.gtimg.com/newsapp_ls/0/13706036032_150120/0","thumb_nail_2x":"http://inews.gtimg.com/newsapp_ls/0/13706036032_640330/0","top_big_img":["http://inews.gtimg.com/newsapp_ls/0/13706036032_485350/0","http://inews.gtimg.com/newsapp_ls/0/13706036034_485350/0","http://inews.gtimg.com/newsapp_ls/0/13706036035_485350/0"],"category_id":"2","category_name":"ent","category_cn":"娱乐","sub_category_id":"205","sub_category_name":"ent_dalu","sub_category_cn":"大陆明星","status":4,"tags":[{"tag_id":"7408565","tag_word":"周冬雨","tag_score":"0.398297"},{"tag_id":"20018478","tag_word":"仙侠剧","tag_score":"0.228199"},{"tag_id":"1115895","tag_word":"许凯","tag_score":"0.093053"},{"tag_id":"20070671","tag_word":"静秋","tag_score":"0.050961"},{"tag_id":"4522590","tag_word":"导演","tag_score":"0.038187"}],"media_id":"15444141","media_name":"迷影生活","point":"3","article_type":0,"pool_name":"ent_pool","security_field":1,"article_id":"20210628A0CFTG","source":"om","comment_id":"7044477151","comment_num":"0","create_time":"2021-06-28 21:20:50","update_time":"2021-06-28 21:20:50","publish_time":"2021-06-28 21:19:11","img_exp_type":"3","img":"http://inews.gtimg.com/newsapp_ls/0/13706036032_640330/0"},{"cms_id":"20210628A0CEYB00","title":"《叛逆者》“带火”王志文、王阳等实力派，论谍战剧的正确打开方式？","subtitle":"","url":"https://new.qq.com/omn/20210628/20210628A0CEYB00.html","thumb_nail":"http://inews.gtimg.com/newsapp_ls/0/13706028463_150120/0","thumb_nail_2x":"http://inews.gtimg.com/newsapp_ls/0/13706028463_640330/0","top_big_img":["http://inews.gtimg.com/newsapp_ls/0/13706028463_485350/0","http://inews.gtimg.com/newsapp_ls/0/13706028466_485350/0","http://inews.gtimg.com/newsapp_ls/0/13706028469_485350/0"],"category_id":"2","category_name":"ent","category_cn":"娱乐","sub_category_id":"201","sub_category_name":"ent_dianshiju","sub_category_cn":"电视剧","status":4,"tags":[{"tag_id":"2631569","tag_word":"谍战剧","tag_score":"0.291921"},{"tag_id":"22466277","tag_word":"叛逆者","tag_score":"0.24284"},{"tag_id":"1990923","tag_word":"王志文","tag_score":"0.20367"},{"tag_id":"3418179","tag_word":"王阳","tag_score":"0.112393"},{"tag_id":"23882570","tag_word":"林楠笙","tag_score":"0.044744"},{"tag_id":"9763411","tag_word":"朱一龙","tag_score":"0.043501"}],"media_id":"5163986","media_name":"娱乐独角兽","point":"3","article_type":0,"pool_name":"ent_pool","security_field":1,"article_id":"20210628A0CEYB","source":"om","comment_id":"7044469986","comment_num":"0","create_time":"2021-06-28 21:18:19","update_time":"2021-06-28 21:18:19","publish_time":"2021-06-28 21:16:58","img_exp_type":"3","img":"http://inews.gtimg.com/newsapp_ls/0/13706028463_640330/0"},{"cms_id":"20210628A0CDD900","title":"晚节不保的演员那么多，凭什么只敢挑软柿子捏？","subtitle":"","url":"https://new.qq.com/omn/20210628/20210628A0CDD900.html","thumb_nail":"http://inews.gtimg.com/newsapp_ls/0/13706020654_150120/0","thumb_nail_2x":"http://inews.gtimg.com/newsapp_ls/0/13706020654_640330/0","top_big_img":["http://inews.gtimg.com/newsapp_ls/0/13706020654_485350/0","http://inews.gtimg.com/newsapp_ls/0/13706020655_485350/0","http://inews.gtimg.com/newsapp_ls/0/13706020657_485350/0"],"category_id":"2","category_name":"ent","category_cn":"娱乐","sub_category_id":"205","sub_category_name":"ent_dalu","sub_category_cn":"大陆明星","status":4,"tags":[{"tag_id":"1670324","tag_word":"张晨光","tag_score":"0.216591"},{"tag_id":"24239070","tag_word":"直播带货","tag_score":"0.214107"},{"tag_id":"27258578","tag_word":"芒妈","tag_score":"0.204804"},{"tag_id":"8977647","tag_word":"刘涛","tag_score":"0.041026"},{"tag_id":"6089005","tag_word":"柳岩","tag_score":"0.04099"}],"media_id":"5188393","media_name":"芒果妈妈","point":"3","article_type":0,"pool_name":"ent_pool","security_field":1,"article_id":"20210628A0CDD9","source":"om","comment_id":"7044455416","comment_num":"1","create_time":"2021-06-28 21:15:47","update_time":"2021-06-28 21:15:47","publish_time":"2021-06-28 21:13:07","img_exp_type":"3","img":"http://inews.gtimg.com/newsapp_ls/0/13706020654_640330/0"},{"cms_id":"20210628A09V2900","title":"杨幂晒植物是陶冶情操，还是在诠释事业的上升期？","subtitle":"","url":"https://new.qq.com/omn/20210628/20210628A09V2900.html","thumb_nail":"http://inews.gtimg.com/newsapp_ls/0/13705347276_150120/0","thumb_nail_2x":"http://inews.gtimg.com/newsapp_ls/0/13705347276_640330/0","top_big_img":["http://inews.gtimg.com/newsapp_ls/0/13705347276_485350/0","http://inews.gtimg.com/newsapp_ls/0/13705347282_485350/0","http://inews.gtimg.com/newsapp_ls/0/13705347288_485350/0"],"category_id":"2","category_name":"ent","category_cn":"娱乐","sub_category_id":"205","sub_category_name":"ent_dalu","sub_category_cn":"大陆明星","status":4,"tags":[{"tag_id":"1340509","tag_word":"杨幂","tag_score":"0.547472"}],"media_id":"5147725","media_name":"前创娱评","point":"3","article_type":0,"pool_name":"ent_pool","security_field":1,"article_id":"20210628A09V29","source":"om","comment_id":"7043709105","comment_num":"1","create_time":"2021-06-28 21:13:49","update_time":"2021-06-28 21:13:49","publish_time":"2021-06-28 18:22:25","img_exp_type":"3","img":"http://inews.gtimg.com/newsapp_ls/0/13705347276_640330/0"},{"cms_id":"20210628A0B4MU00","title":"王思聪化身暖男，贴心为美女开车门，数百万豪车太拉风","subtitle":"","url":"https://new.qq.com/omn/20210628/20210628A0B4MU00.html","thumb_nail":"http://inews.gtimg.com/newsapp_ls/0/13705677137_150120/0","thumb_nail_2x":"http://inews.gtimg.com/newsapp_ls/0/13705677137_640330/0","top_big_img":["http://inews.gtimg.com/newsapp_ls/0/13705677137_485350/0","http://inews.gtimg.com/newsapp_ls/0/13705677141_485350/0","http://inews.gtimg.com/newsapp_ls/0/13705677142_485350/0"],"category_id":"2","category_name":"ent","category_cn":"娱乐","sub_category_id":"206","sub_category_name":"ent_gangtai","sub_category_cn":"港台明星","status":4,"tags":[{"tag_id":"7062729","tag_word":"王思聪","tag_score":"0.427714"},{"tag_id":"1096325","tag_word":"豪车","tag_score":"0.294159"},{"tag_id":"3220065","tag_word":"王健林","tag_score":"0.138993"},{"tag_id":"20658553","tag_word":"孙一宁","tag_score":"0.044752"}],"media_id":"19254048","media_name":"畅聊天室","point":"3","article_type":0,"pool_name":"ent_pool","security_field":1,"article_id":"20210628A0B4MU","source":"om","comment_id":"7044071405","comment_num":"1","create_time":"2021-06-28 21:08:12","update_time":"2021-06-28 21:08:12","publish_time":"2021-06-28 19:41:17","img_exp_type":"3","img":"http://inews.gtimg.com/newsapp_ls/0/13705677137_640330/0"},{"cms_id":"20210628A04XFR00","title":"郎朗吉娜合体捞金，娇妻产后腰身纤细，艺术家为何非走流量路线？","subtitle":"","url":"https://new.qq.com/omn/20210628/20210628A04XFR00.html","thumb_nail":"http://inews.gtimg.com/newsapp_ls/0/13703980940_150120/0","thumb_nail_2x":"http://inews.gtimg.com/newsapp_ls/0/13703980940_640330/0","top_big_img":["http://inews.gtimg.com/newsapp_ls/0/13703980940_485350/0","http://inews.gtimg.com/newsapp_ls/0/13703980942_485350/0","http://inews.gtimg.com/newsapp_ls/0/13703980946_485350/0"],"category_id":"2","category_name":"ent","category_cn":"娱乐","sub_category_id":"205","sub_category_name":"ent_dalu","sub_category_cn":"大陆明星","status":4,"tags":[{"tag_id":"23256238","tag_word":"吉娜·爱丽丝","tag_score":"0.441028"},{"tag_id":"1053414","tag_word":"郎朗","tag_score":"0.341944"}],"media_id":"5179952","media_name":"新金牌娱乐观察家","point":"3","article_type":0,"pool_name":"ent_pool","security_field":1,"article_id":"20210628A04XFR","source":"om","comment_id":"7042421110","comment_num":"0","create_time":"2021-06-28 21:06:06","update_time":"2021-06-28 21:06:06","publish_time":"2021-06-28 13:16:46","img_exp_type":"3","img":"http://inews.gtimg.com/newsapp_ls/0/13703980940_640330/0"},{"cms_id":"20210628A0C89700","title":"12位“90后”老戏骨：秦怡99岁，“姜子牙”蓝天野94岁","subtitle":"","url":"https://new.qq.com/omn/20210628/20210628A0C89700.html","thumb_nail":"http://inews.gtimg.com/newsapp_ls/0/13705988112_150120/0","thumb_nail_2x":"http://inews.gtimg.com/newsapp_ls/0/13705988112_640330/0","top_big_img":["http://inews.gtimg.com/newsapp_ls/0/13705988112_485350/0","http://inews.gtimg.com/newsapp_ls/0/13705988114_485350/0","http://inews.gtimg.com/newsapp_ls/0/13705988116_485350/0"],"category_id":"2","category_name":"ent","category_cn":"娱乐","sub_category_id":"205","sub_category_name":"ent_dalu","sub_category_cn":"大陆明星","status":4,"tags":[{"tag_id":"7107321","tag_word":"秦怡","tag_score":"0.192086"},{"tag_id":"3797345","tag_word":"蓝天野","tag_score":"0.145582"},{"tag_id":"8542795","tag_word":"姜子牙","tag_score":"0.123227"},{"tag_id":"4341429","tag_word":"谢芳","tag_score":"0.042758"},{"tag_id":"6909032","tag_word":"杨洁","tag_score":"0.028538"},{"tag_id":"7845236","tag_word":"朱石麟","tag_score":"0.028538"},{"tag_id":"133481","tag_word":"徐峥","tag_score":"0.028538"},{"tag_id":"20527282","tag_word":"师伟","tag_score":"0.028538"},{"tag_id":"7786757","tag_word":"尔冬升","tag_score":"0.028538"},{"tag_id":"2510835","tag_word":"封神榜","tag_score":"0.028538"}],"media_id":"5220281","media_name":"香港电影怀旧","point":"3","article_type":0,"pool_name":"ent_pool","security_field":1,"article_id":"20210628A0C897","source":"om","comment_id":"7044412248","comment_num":"0","create_time":"2021-06-28 21:06:05","update_time":"2021-06-28 21:06:05","publish_time":"2021-06-28 21:03:29","img_exp_type":"3","img":"http://inews.gtimg.com/newsapp_ls/0/13705988112_640330/0"},{"cms_id":"20210628A0B75Q00","title":"王思聪随礼8万8不算啥，他生下孙子，给1千个职员每人1万红包","subtitle":"","url":"https://new.qq.com/omn/20210628/20210628A0B75Q00.html","thumb_nail":"http://inews.gtimg.com/newsapp_ls/0/13705696347_150120/0","thumb_nail_2x":"http://inews.gtimg.com/newsapp_ls/0/13705696347_640330/0","top_big_img":["http://inews.gtimg.com/newsapp_ls/0/13705696347_485350/0","http://inews.gtimg.com/newsapp_ls/0/13705696348_485350/0","http://inews.gtimg.com/newsapp_ls/0/13705696350_485350/0"],"category_id":"2","category_name":"ent","category_cn":"娱乐","sub_category_id":"207","sub_category_name":"ent_rihan","sub_category_cn":"日韩明星","status":4,"tags":[{"tag_id":"7062729","tag_word":"王思聪","tag_score":"0.305199"},{"tag_id":"5632792","tag_word":"李兆基","tag_score":"0.256298"},{"tag_id":"7539821","tag_word":"李嘉诚","tag_score":"0.122034"},{"tag_id":"8994529","tag_word":"徐子淇","tag_score":"0.096735"},{"tag_id":"3519231","tag_word":"李家杰","tag_score":"0.070201"}],"media_id":"17604763","media_name":"商界评说","point":"3","article_type":0,"pool_name":"ent_pool","security_field":1,"article_id":"20210628A0B75Q","source":"om","comment_id":"7044093404","comment_num":"0","create_time":"2021-06-28 21:05:50","update_time":"2021-06-28 21:05:50","publish_time":"2021-06-28 19:47:05","img_exp_type":"3","img":"http://inews.gtimg.com/newsapp_ls/0/13705696347_640330/0"},{"cms_id":"20210628A0C6XV00","title":"把狗署名为编剧，侮辱了谁？","subtitle":"","url":"https://new.qq.com/omn/20210628/20210628A0C6XV00.html","thumb_nail":"http://inews.gtimg.com/newsapp_ls/0/13705979248_150120/0","thumb_nail_2x":"http://inews.gtimg.com/newsapp_ls/0/13705979248_640330/0","top_big_img":[],"category_id":"2","category_name":"ent","category_cn":"娱乐","sub_category_id":"201","sub_category_name":"ent_dianshiju","sub_category_cn":"电视剧","status":4,"tags":[{"tag_id":"4973305","tag_word":"编剧","tag_score":"0.306668"},{"tag_id":"388197","tag_word":"马兰谣","tag_score":"0.203173"},{"tag_id":"20008371","tag_word":"艾米","tag_score":"0.134561"},{"tag_id":"31899714","tag_word":"四波","tag_score":"0.048096"},{"tag_id":"20328970","tag_word":"刘燕燕","tag_score":"0.048032"},{"tag_id":"7202336","tag_word":"张慧敏","tag_score":"0.047967"}],"media_id":"5072225","media_name":"网络大电影","point":"3","article_type":0,"pool_name":"ent_pool","security_field":1,"article_id":"20210628A0C6XV","source":"om","comment_id":"7044399828","comment_num":"0","create_time":"2021-06-28 21:05:19","update_time":"2021-06-28 21:05:19","publish_time":"2021-06-28 21:00:56","img_exp_type":"1","img":"http://inews.gtimg.com/newsapp_ls/0/13705979248_640330/0"},{"cms_id":"20210628A0C7EC00","title":"重点错了？TVB《宝宝大过天》育儿戏份极少，亲家母间“恶斗”最多","subtitle":"","url":"https://new.qq.com/omn/20210628/20210628A0C7EC00.html","thumb_nail":"http://inews.gtimg.com/newsapp_ls/0/13705979292_150120/0","thumb_nail_2x":"http://inews.gtimg.com/newsapp_ls/0/13705979292_640330/0","top_big_img":["http://inews.gtimg.com/newsapp_ls/0/13705979292_485350/0","http://inews.gtimg.com/newsapp_ls/0/13705979295_485350/0","http://inews.gtimg.com/newsapp_ls/0/13705979297_485350/0"],"category_id":"2","category_name":"ent","category_cn":"娱乐","sub_category_id":"201","sub_category_name":"ent_dianshiju","sub_category_cn":"电视剧","status":4,"tags":[{"tag_id":"5368682","tag_word":"tvb","tag_score":"0.2425"},{"tag_id":"30537651","tag_word":"宝宝大过天","tag_score":"0.232784"},{"tag_id":"4174211","tag_word":"马国明","tag_score":"0.176028"},{"tag_id":"9476270","tag_word":"岑丽香","tag_score":"0.136714"},{"tag_id":"2410125","tag_word":"龚慈恩","tag_score":"0.120355"},{"tag_id":"5510361","tag_word":"商天娥","tag_score":"0.091618"}],"media_id":"5074249","media_name":"剧透社娱乐","point":"2","article_type":0,"pool_name":"ent_pool","security_field":1,"article_id":"20210628A0C7EC","source":"om","comment_id":"7044404142","comment_num":"0","create_time":"2021-06-28 21:04:46","update_time":"2021-06-28 21:04:46","publish_time":"2021-06-28 21:01:51","img_exp_type":"3","img":"http://inews.gtimg.com/newsapp_ls/0/13705979292_640330/0"},{"cms_id":"20210628A0BHL700","title":"王宝强前妻马蓉直播21分钟，5.9万人观看，被骂下线仍赚10万！","subtitle":"","url":"https://new.qq.com/omn/20210628/20210628A0BHL700.html","thumb_nail":"http://inews.gtimg.com/newsapp_ls/0/13705772819_150120/0","thumb_nail_2x":"http://inews.gtimg.com/newsapp_ls/0/13705772819_640330/0","top_big_img":["http://inews.gtimg.com/newsapp_ls/0/13705772819_485350/0","http://inews.gtimg.com/newsapp_ls/0/13705772821_485350/0","http://inews.gtimg.com/newsapp_ls/0/13705772823_485350/0"],"category_id":"2","category_name":"ent","category_cn":"娱乐","sub_category_id":"205","sub_category_name":"ent_dalu","sub_category_cn":"大陆明星","status":4,"tags":[{"tag_id":"1178891","tag_word":"马蓉","tag_score":"0.256768"},{"tag_id":"8800598","tag_word":"王宝强","tag_score":"0.232238"},{"tag_id":"20658553","tag_word":"孙一宁","tag_score":"0.126979"},{"tag_id":"7062729","tag_word":"王思聪","tag_score":"0.113463"}],"media_id":"17699863","media_name":"谭松说说妹子","point":"3","article_type":0,"pool_name":"ent_pool","security_field":1,"article_id":"20210628A0BHL7","source":"om","comment_id":"7044171147","comment_num":"2","create_time":"2021-06-28 21:04:38","update_time":"2021-06-28 21:04:38","publish_time":"2021-06-28 20:06:52","img_exp_type":"3","img":"http://inews.gtimg.com/newsapp_ls/0/13705772819_640330/0"},{"cms_id":"20210628A0C5RQ00","title":"娱记曝章泽天频上热搜内幕：想为丈夫转移视线，想插手公司事务？","subtitle":"","url":"https://new.qq.com/omn/20210628/20210628A0C5RQ00.html","thumb_nail":"http://inews.gtimg.com/newsapp_ls/0/13705963173_150120/0","thumb_nail_2x":"http://inews.gtimg.com/newsapp_ls/0/13705963173_640330/0","top_big_img":["http://inews.gtimg.com/newsapp_ls/0/13705963173_485350/0","http://inews.gtimg.com/newsapp_ls/0/13705963175_485350/0","http://inews.gtimg.com/newsapp_ls/0/13705963177_485350/0"],"category_id":"2","category_name":"ent","category_cn":"娱乐","sub_category_id":"205","sub_category_name":"ent_dalu","sub_category_cn":"大陆明星","status":4,"tags":[{"tag_id":"7246302","tag_word":"章泽天","tag_score":"0.462578"},{"tag_id":"20003507","tag_word":"热搜榜","tag_score":"0.221043"},{"tag_id":"3889641","tag_word":"刘强东","tag_score":"0.191925"}],"media_id":"6268967","media_name":"星如人生","point":"3","article_type":0,"pool_name":"ent_pool","security_field":1,"article_id":"20210628A0C5RQ","source":"om","comment_id":"7044389239","comment_num":"0","create_time":"2021-06-28 21:04:12","update_time":"2021-06-28 21:04:12","publish_time":"2021-06-28 20:58:13","img_exp_type":"3","img":"http://inews.gtimg.com/newsapp_ls/0/13705963173_640330/0"},{"cms_id":"20210628A03WLT00","title":"院线电影寒冬下，网络电影的春天怎么还没来？","subtitle":"","url":"https://new.qq.com/omn/20210628/20210628A03WLT00.html","thumb_nail":"http://inews.gtimg.com/newsapp_ls/0/13703687085_150120/0","thumb_nail_2x":"http://inews.gtimg.com/newsapp_ls/0/13703687085_640330/0","top_big_img":["http://inews.gtimg.com/newsapp_ls/0/13703687085_485350/0","http://inews.gtimg.com/newsapp_ls/0/13703687089_485350/0","http://inews.gtimg.com/newsapp_ls/0/13703687094_485350/0"],"category_id":"2","category_name":"ent","category_cn":"娱乐","sub_category_id":"202","sub_category_name":"ent_dianying","sub_category_cn":"电影","status":4,"tags":[{"tag_id":"5842825","tag_word":"票房","tag_score":"0.172662"},{"tag_id":"4106869","tag_word":"网大","tag_score":"0.089112"},{"tag_id":"8002201","tag_word":"豆瓣","tag_score":"0.030567"}],"media_id":"17762546","media_name":"连线Insight","point":"2","article_type":0,"pool_name":"ent_pool","security_field":1,"article_id":"20210628A03WLT","source":"om","comment_id":"7042104643","comment_num":"0","create_time":"2021-06-28 21:01:50","update_time":"2021-06-28 21:01:50","publish_time":"2021-06-28 11:43:00","img_exp_type":"3","img":"http://inews.gtimg.com/newsapp_ls/0/13703687085_640330/0"},{"cms_id":"20210628A0C60K00","title":"《千古玦尘》热度回升，日播破亿，国产剧宁可烂尾不可“烂头”","subtitle":"","url":"https://new.qq.com/omn/20210628/20210628A0C60K00.html","thumb_nail":"http://inews.gtimg.com/newsapp_ls/0/13705964889_150120/0","thumb_nail_2x":"http://inews.gtimg.com/newsapp_ls/0/13705964889_640330/0","top_big_img":["http://inews.gtimg.com/newsapp_ls/0/13705964889_485350/0","http://inews.gtimg.com/newsapp_ls/0/13705964892_485350/0","http://inews.gtimg.com/newsapp_ls/0/13705964897_485350/0"],"category_id":"2","category_name":"ent","category_cn":"娱乐","sub_category_id":"201","sub_category_name":"ent_dianshiju","sub_category_cn":"电视剧","status":4,"tags":[{"tag_id":"26829122","tag_word":"千古玦尘","tag_score":"0.411276"},{"tag_id":"21912167","tag_word":"后池","tag_score":"0.163699"},{"tag_id":"3741451","tag_word":"三生三世十里桃花","tag_score":"0.095634"},{"tag_id":"7408565","tag_word":"周冬雨","tag_score":"0.066589"}],"media_id":"5607737","media_name":"东成西就88","point":"3","article_type":0,"pool_name":"ent_pool","security_field":1,"article_id":"20210628A0C60K","source":"om","comment_id":"7044391089","comment_num":"0","create_time":"2021-06-28 21:00:23","update_time":"2021-06-28 21:00:23","publish_time":"2021-06-28 20:58:40","img_exp_type":"3","img":"http://inews.gtimg.com/newsapp_ls/0/13705964889_640330/0"}]}}