{"ret":0,"msg":"success","data":{"list":[{"cms_id":"20210628A0D53H00","title":"《五十公里桃花坞》孟子义成功出圈，凭借抓马特质，引起全网热议","subtitle":"","url":"https://new.qq.com/omn/20210628/20210628A0D53H00.html","thumb_nail":"http://inews.gtimg.com/newsapp_ls/0/13706238238_150120/0","thumb_nail_2x":"http://inews.gtimg.com/newsapp_ls/0/13706238238_640330/0","top_big_img":[],"category_id":"2","category_name":"ent","category_cn":"娱乐","sub_category_id":"203","sub_category_name":"ent_zongyi","sub_category_cn":"综艺","status":4,"tags":[{"tag_id":"8126950","tag_word":"孟子义","tag_score":"0.339677"},{"tag_id":"29142718","tag_word":"五十公里桃花坞","tag_score":"0.329236"},{"tag_id":"6427817","tag_word":"张翰","tag_score":"0.105028"},{"tag_id":"4481940","tag_word":"苏芒","tag_score":"0.055082"},{"tag_id":"20304762","tag_word":"李雪琴","tag_score":"0.053723"},{"tag_id":"22726823","tag_word":"辣目洋子","tag_score":"0.039106"},{"tag_id":"22759862","tag_word":"周也","tag_score":"0.015186"}],"media_id":"6912970","media_name":"西瓜太郎娱乐","point":"3","article_type":0,"pool_name":"ent_pool","security_field":1,"article_id":"20210628A0D53H","source":"om","comment_id":"7044682163","comment_num":"0","create_time":"2021-06-28 22:23:04","update_time":"2021-06-28 22:23:04","publish_time":"2021-06-28 22:20:33","img_exp_type":"1","img":"http://inews.gtimg.com/newsapp_ls/0/13706238238_640330/0"},{"cms_id":"20210628A0D42G00","title":"赵丽颖涂鸦，何炅：你画得好丑！吴磊帮颖宝说话太暖，两人被赞有CP感","subtitle":"","url":"https://new.qq.com/omn/20210628/20210628A0D42G00.html","thumb_nail":"http://inews.gtimg.com/newsapp_ls/0/13706232407_150120/0","thumb_nail_2x":"http://inews.gtimg.com/newsapp_ls/0/13706232407_640330/0","top_big_img":["http://inews.gtimg.com/newsapp_ls/0/13706232407_485350/0","http://inews.gtimg.com/newsapp_ls/0/13706232409_485350/0","http://inews.gtimg.com/newsapp_ls/0/13706232413_485350/0"],"category_id":"2","category_name":"ent","category_cn":"娱乐","sub_category_id":"205","sub_category_name":"ent_dalu","sub_category_cn":"大陆明星","status":4,"tags":[{"tag_id":"1560555","tag_word":"赵丽颖","tag_score":"0.317168"},{"tag_id":"4021786","tag_word":"吴磊","tag_score":"0.26568"},{"tag_id":"3446715","tag_word":"何炅","tag_score":"0.228204"},{"tag_id":"647485","tag_word":"cp感","tag_score":"0.126161"}],"media_id":"5434394","media_name":"娱记娱乐","point":"3","article_type":0,"pool_name":"ent_pool","security_field":1,"article_id":"20210628A0D42G","source":"om","comment_id":"7044673607","comment_num":"0","create_time":"2021-06-28 22:19:58","update_time":"2021-06-28 22:19:58","publish_time":"2021-06-28 22:18:24","img_exp_type":"3","img":"http://inews.gtimg.com/newsapp_ls/0/13706232407_640330/0"},{"cms_id":"20210628A0D4B000","title":"baby与小12岁男星拍情侣写真！两人床上嬉戏打闹，搂肩摸脸超甜蜜","subtitle":"","url":"https://new.qq.com/omn/20210628/20210628A0D4B000.html","thumb_nail":"http://inews.gtimg.com/newsapp_ls/0/13706228466_150120/0","thumb_nail_2x":"http://inews.gtimg.com/newsapp_ls/0/13706228466_640330/0","top_big_img":["http://inews.gtimg.com/newsapp_ls/0/13706228466_485350/0","http://inews.gtimg.com/newsapp_ls/0/13706228465_485350/0","http://inews.gtimg.com/newsapp_ls/0/13706228468_485350/0"],"category_id":"2","category_name":"ent","category_cn":"娱乐","sub_category_id":"207","sub_category_name":"ent_rihan","sub_category_cn":"日韩明星","status":4,"tags":[{"tag_id":"9604182","tag_word":"baby","tag_score":"0.432666"},{"tag_id":"30451043","tag_word":"爱情应该有的样子","tag_score":"0.291769"},{"tag_id":"8682751","tag_word":"赖冠霖","tag_score":"0.275565"}],"media_id":"5048308","media_name":"会火","point":"3","article_type":0,"pool_name":"ent_pool","security_field":1,"article_id":"20210628A0D4B0","source":"om","comment_id":"7044675263","comment_num":"0","create_time":"2021-06-28 22:19:32","update_time":"2021-06-28 22:19:32","publish_time":"2021-06-28 22:18:20","img_exp_type":"3","img":"http://inews.gtimg.com/newsapp_ls/0/13706228466_640330/0"},{"cms_id":"20210628A0D2XW00","title":"丁真开启艺人生涯，录综艺后又发歌，娱乐圈就那么香？","subtitle":"","url":"https://new.qq.com/omn/20210628/20210628A0D2XW00.html","thumb_nail":"http://inews.gtimg.com/newsapp_ls/0/13706222550_150120/0","thumb_nail_2x":"http://inews.gtimg.com/newsapp_ls/0/13706222550_640330/0","top_big_img":["http://inews.gtimg.com/newsapp_ls/0/13706222550_485350/0","http://inews.gtimg.com/newsapp_ls/0/13706222552_485350/0","http://inews.gtimg.com/newsapp_ls/0/13706222554_485350/0"],"category_id":"2","category_name":"ent","category_cn":"娱乐","sub_category_id":"203","sub_category_name":"ent_zongyi","sub_category_cn":"综艺","status":4,"tags":[{"tag_id":"20045636","tag_word":"丁真","tag_score":"0.350145"},{"tag_id":"3979746","tag_word":"网红","tag_score":"0.163849"},{"tag_id":"22696458","tag_word":"薇娅","tag_score":"0.143716"}],"media_id":"17332314","media_name":"愚记谈娱乐","point":"3","article_type":0,"pool_name":"ent_pool","security_field":1,"article_id":"20210628A0D2XW","source":"om","comment_id":"7044665101","comment_num":"0","create_time":"2021-06-28 22:17:03","update_time":"2021-06-28 22:17:03","publish_time":"2021-06-28 22:15:06","img_exp_type":"3","img":"http://inews.gtimg.com/newsapp_ls/0/13706222550_640330/0"},{"cms_id":"20210628A0D2GL00","title":"何洁减肥成功后罕见晒素颜怼脸拍，已经瘦出尖下巴，却显憔悴","subtitle":"","url":"https://new.qq.com/omn/20210628/20210628A0D2GL00.html","thumb_nail":"http://inews.gtimg.com/newsapp_ls/0/13706220950_150120/0","thumb_nail_2x":"http://inews.gtimg.com/newsapp_ls/0/13706220950_640330/0","top_big_img":["http://inews.gtimg.com/newsapp_ls/0/13706220950_485350/0","http://inews.gtimg.com/newsapp_ls/0/13706220952_485350/0","http://inews.gtimg.com/newsapp_ls/0/13706220953_485350/0"],"category_id":"2","category_name":"ent","category_cn":"娱乐","sub_category_id":"205","sub_category_name":"ent_dalu","sub_category_cn":"大陆明星","status":4,"tags":[{"tag_id":"8385889","tag_word":"何洁","tag_score":"0.473042"},{"tag_id":"2272372","tag_word":"素颜","tag_score":"0.26519"}],"media_id":"5040194","media_name":"好丹","point":"3","article_type":0,"pool_name":"ent_pool","security_field":1,"article_id":"20210628A0D2GL","source":"om","comment_id":"7044659556","comment_num":"0","create_time":"2021-06-28 22:16:27","update_time":"2021-06-28 22:16:27","publish_time":"2021-06-28 22:14:38","img_exp_type":"3","img":"http://inews.gtimg.com/newsapp_ls/0/13706220950_640330/0"},{"cms_id":"20210628A09VUQ00","title":"敷衍搞事业认真卖腐，任嘉伦新剧陷争议，转型太难？","subtitle":"","url":"https://new.qq.com/omn/20210628/20210628A09VUQ00.html","thumb_nail":"http://inews.gtimg.com/newsapp_ls/0/13705352702_150120/0","thumb_nail_2x":"http://inews.gtimg.com/newsapp_ls/0/13705352702_640330/0","top_big_img":["http://inews.gtimg.com/newsapp_ls/0/13705352702_485350/0","http://inews.gtimg.com/newsapp_ls/0/13705352706_485350/0","http://inews.gtimg.com/newsapp_ls/0/13705352710_485350/0"],"category_id":"2","category_name":"ent","category_cn":"娱乐","sub_category_id":"201","sub_category_name":"ent_dianshiju","sub_category_cn":"电视剧","status":4,"tags":[{"tag_id":"9233990","tag_word":"任嘉伦","tag_score":"0.480404"},{"tag_id":"1339115","tag_word":"穆青","tag_score":"0.081414"},{"tag_id":"8867672","tag_word":"不说再见","tag_score":"0.050985"}],"media_id":"5327401","media_name":"咖妃说娱乐","point":"3","article_type":0,"pool_name":"ent_pool","security_field":1,"article_id":"20210628A09VUQ","source":"om","comment_id":"7043714355","comment_num":"2","create_time":"2021-06-28 22:15:58","update_time":"2021-06-28 22:15:58","publish_time":"2021-06-28 18:23:25","img_exp_type":"3","img":"http://inews.gtimg.com/newsapp_ls/0/13705352702_640330/0"},{"cms_id":"20210628A0D2LL00","title":"大衣哥儿媳陈亚男办生日盛典，与老公一起出镜，直播玩游戏欢乐多","subtitle":"","url":"https://new.qq.com/omn/20210628/20210628A0D2LL00.html","thumb_nail":"http://inews.gtimg.com/newsapp_ls/0/13706218541_150120/0","thumb_nail_2x":"http://inews.gtimg.com/newsapp_ls/0/13706218541_640330/0","top_big_img":["http://inews.gtimg.com/newsapp_ls/0/13706218541_485350/0","http://inews.gtimg.com/newsapp_ls/0/13706218543_485350/0","http://inews.gtimg.com/newsapp_ls/0/13706218544_485350/0"],"category_id":"2","category_name":"ent","category_cn":"娱乐","sub_category_id":"207","sub_category_name":"ent_rihan","sub_category_cn":"日韩明星","status":4,"tags":[{"tag_id":"3382815","tag_word":"朱之文","tag_score":"0.379611"},{"tag_id":"20102651","tag_word":"陈亚男","tag_score":"0.281438"},{"tag_id":"467749","tag_word":"欢乐","tag_score":"0.120071"}],"media_id":"5069402","media_name":"五柳先生","point":"2","article_type":0,"pool_name":"ent_pool","security_field":1,"article_id":"20210628A0D2LL","source":"om","comment_id":"7044661571","comment_num":"0","create_time":"2021-06-28 22:15:35","update_time":"2021-06-28 22:15:35","publish_time":"2021-06-28 22:14:01","img_exp_type":"3","img":"http://inews.gtimg.com/newsapp_ls/0/13706218541_640330/0"},{"cms_id":"20210628A0CJ4A00","title":"谁说郭麒麟演不了戏？","subtitle":"","url":"https://new.qq.com/omn/20210628/20210628A0CJ4A00.html","thumb_nail":"http://inews.gtimg.com/newsapp_ls/0/13706063235_150120/0","thumb_nail_2x":"http://inews.gtimg.com/newsapp_ls/0/13706063235_640330/0","top_big_img":["http://inews.gtimg.com/newsapp_ls/0/13706063235_485350/0","http://inews.gtimg.com/newsapp_ls/0/13706063236_485350/0","http://inews.gtimg.com/newsapp_ls/0/13706063239_485350/0"],"category_id":"2","category_name":"ent","category_cn":"娱乐","sub_category_id":"205","sub_category_name":"ent_dalu","sub_category_cn":"大陆明星","status":4,"tags":[{"tag_id":"1115374","tag_word":"郭麒麟","tag_score":"0.444338"},{"tag_id":"22007990","tag_word":"给我一个十八岁","tag_score":"0.142686"},{"tag_id":"29142718","tag_word":"五十公里桃花坞","tag_score":"0.133887"},{"tag_id":"23111065","tag_word":"范思辙","tag_score":"0.072391"}],"media_id":"26134","media_name":"新京报","point":"5","article_type":0,"pool_name":"ent_pool","security_field":1,"article_id":"20210628A0CJ4A","source":"om","comment_id":"7044504151","comment_num":"1","create_time":"2021-06-28 22:12:25","update_time":"2021-06-28 22:12:25","publish_time":"2021-06-28 21:22:49","img_exp_type":"3","img":"http://inews.gtimg.com/newsapp_ls/0/13706063235_640330/0"},{"cms_id":"20210628A0CZCA00","title":"刘宇宁出尔反尔被打脸，在拍新剧3个男主都有丑闻，这还怎么玩？","subtitle":"","url":"https://new.qq.com/omn/20210628/20210628A0CZCA00.html","thumb_nail":"http://inews.gtimg.com/newsapp_ls/0/13706193195_150120/0","thumb_nail_2x":"http://inews.gtimg.com/newsapp_ls/0/13706193195_640330/0","top_big_img":["http://inews.gtimg.com/newsapp_ls/0/13706193195_485350/0","http://inews.gtimg.com/newsapp_ls/0/13706193196_485350/0","http://inews.gtimg.com/newsapp_ls/0/13706193198_485350/0"],"category_id":"2","category_name":"ent","category_cn":"娱乐","sub_category_id":"201","sub_category_name":"ent_dianshiju","sub_category_cn":"电视剧","status":4,"tags":[{"tag_id":"6359411","tag_word":"刘宇宁","tag_score":"0.348864"},{"tag_id":"1616711","tag_word":"张铭恩","tag_score":"0.177074"},{"tag_id":"6818040","tag_word":"杨旭文","tag_score":"0.15257"},{"tag_id":"333807","tag_word":"紫川","tag_score":"0.121229"}],"media_id":"5881779","media_name":"景天阁之娱","point":"3","article_type":0,"pool_name":"ent_pool","security_field":1,"article_id":"20210628A0CZCA","source":"om","comment_id":"7044634120","comment_num":"0","create_time":"2021-06-28 22:12:19","update_time":"2021-06-28 22:12:19","publish_time":"2021-06-28 22:05:48","img_exp_type":"3","img":"http://inews.gtimg.com/newsapp_ls/0/13706193195_640330/0"},{"cms_id":"20210628A0CZD100","title":"马嘉祺高考失利，你会让你的孩子喜欢他吗？","subtitle":"","url":"https://new.qq.com/omn/20210628/20210628A0CZD100.html","thumb_nail":"http://inews.gtimg.com/newsapp_ls/0/13706193295_150120/0","thumb_nail_2x":"http://inews.gtimg.com/newsapp_ls/0/13706193295_640330/0","top_big_img":[],"category_id":"2","category_name":"ent","category_cn":"娱乐","sub_category_id":"205","sub_category_name":"ent_dalu","sub_category_cn":"大陆明星","status":4,"tags":[{"tag_id":"3367322","tag_word":"马嘉祺","tag_score":"0.39569"},{"tag_id":"9090845","tag_word":"粉丝","tag_score":"0.148321"},{"tag_id":"7408565","tag_word":"周冬雨","tag_score":"0.0816"}],"media_id":"15444141","media_name":"迷影生活","point":"3","article_type":0,"pool_name":"ent_pool","security_field":1,"article_id":"20210628A0CZD1","source":"om","comment_id":"7044634403","comment_num":"4","create_time":"2021-06-28 22:10:56","update_time":"2021-06-28 22:10:56","publish_time":"2021-06-28 22:05:54","img_exp_type":"1","img":"http://inews.gtimg.com/newsapp_ls/0/13706193295_640330/0"},{"cms_id":"20210628A02GT500","title":"电视剧全网热度榜：《不说再见》跌至第二，第一热度高达77.34","subtitle":"","url":"https://new.qq.com/omn/20210628/20210628A02GT500.html","thumb_nail":"http://inews.gtimg.com/newsapp_ls/0/13703266127_150120/0","thumb_nail_2x":"http://inews.gtimg.com/newsapp_ls/0/13703266127_640330/0","top_big_img":["http://inews.gtimg.com/newsapp_ls/0/13703266127_485350/0","http://inews.gtimg.com/newsapp_ls/0/13703266130_485350/0","http://inews.gtimg.com/newsapp_ls/0/13703266131_485350/0"],"category_id":"2","category_name":"ent","category_cn":"娱乐","sub_category_id":"201","sub_category_name":"ent_dianshiju","sub_category_cn":"电视剧","status":4,"tags":[{"tag_id":"7408565","tag_word":"周冬雨","tag_score":"0.2438"},{"tag_id":"8867672","tag_word":"不说再见","tag_score":"0.219756"},{"tag_id":"1115895","tag_word":"许凯","tag_score":"0.176847"},{"tag_id":"3670330","tag_word":"李沁","tag_score":"0.151898"},{"tag_id":"1803378","tag_word":"窦骁","tag_score":"0.084898"}],"media_id":"5604457","media_name":"圆头讲电影","point":"3","article_type":0,"pool_name":"ent_pool","security_field":1,"article_id":"20210628A02GT5","source":"om","comment_id":"7041676611","comment_num":"0","create_time":"2021-06-28 22:09:13","update_time":"2021-06-28 22:09:13","publish_time":"2021-06-28 10:01:16","img_exp_type":"3","img":"http://inews.gtimg.com/newsapp_ls/0/13703266127_640330/0"},{"cms_id":"20210628A03LLX00","title":"易烊千玺王源王俊凯的成功，让时代峻峰无视了马嘉祺背负的压力","subtitle":"","url":"https://new.qq.com/omn/20210628/20210628A03LLX00.html","thumb_nail":"http://inews.gtimg.com/newsapp_ls/0/13703590702_150120/0","thumb_nail_2x":"http://inews.gtimg.com/newsapp_ls/0/13703590702_640330/0","top_big_img":["http://inews.gtimg.com/newsapp_ls/0/13703590702_485350/0","http://inews.gtimg.com/newsapp_ls/0/13703590705_485350/0","http://inews.gtimg.com/newsapp_ls/0/13703590707_485350/0"],"category_id":"2","category_name":"ent","category_cn":"娱乐","sub_category_id":"205","sub_category_name":"ent_dalu","sub_category_cn":"大陆明星","status":4,"tags":[{"tag_id":"3367322","tag_word":"马嘉祺","tag_score":"0.187931"},{"tag_id":"26575692","tag_word":"时代峻峰","tag_score":"0.185575"},{"tag_id":"4199635","tag_word":"王源","tag_score":"0.164932"},{"tag_id":"8675952","tag_word":"王俊凯","tag_score":"0.162398"},{"tag_id":"2154956","tag_word":"易烊千玺","tag_score":"0.150525"},{"tag_id":"25710901","tag_word":"时代少年团","tag_score":"0.148637"}],"media_id":"5856530","media_name":"少女观娱","point":"3","article_type":0,"pool_name":"ent_pool","security_field":1,"article_id":"20210628A03LLX","source":"om","comment_id":"7042014091","comment_num":"1","create_time":"2021-06-28 22:08:42","update_time":"2021-06-28 22:08:42","publish_time":"2021-06-28 11:22:25","img_exp_type":"3","img":"http://inews.gtimg.com/newsapp_ls/0/13703590702_640330/0"},{"cms_id":"20210628A0CZAB00","title":"从蜜雪冰城洗脑式营销说起：“短视频＋音乐”的裂变式传播逻辑与致胜法则","subtitle":"","url":"https://new.qq.com/omn/20210628/20210628A0CZAB00.html","thumb_nail":"http://inews.gtimg.com/newsapp_ls/0/13706192790_150120/0","thumb_nail_2x":"http://inews.gtimg.com/newsapp_ls/0/13706192790_640330/0","top_big_img":["http://inews.gtimg.com/newsapp_ls/0/13706192790_485350/0","http://inews.gtimg.com/newsapp_ls/0/13706192793_485350/0","http://inews.gtimg.com/newsapp_ls/0/13706192797_485350/0"],"category_id":"16","category_name":"tech","category_cn":"科技","sub_category_id":"1609","sub_category_name":"tech_xinwenyu","sub_category_cn":"新文娱","status":4,"tags":[{"tag_id":"3260059","tag_word":"b站","tag_score":"0.052431"},{"tag_id":"8800117","tag_word":"抖音","tag_score":"0.050837"}],"media_id":"5105957","media_name":"看电视","point":"3","article_type":0,"pool_name":"ent_pool","security_field":1,"article_id":"20210628A0CZAB","source":"om","comment_id":"7044633207","comment_num":"1","create_time":"2021-06-28 22:08:38","update_time":"2021-06-28 22:08:38","publish_time":"2021-06-28 22:02:31","img_exp_type":"3","img":"http://inews.gtimg.com/newsapp_ls/0/13706192790_640330/0"},{"cms_id":"20210628A0CXF200","title":"她终于要转型了？","subtitle":"","url":"https://new.qq.com/omn/20210628/20210628A0CXF200.html","thumb_nail":"http://inews.gtimg.com/newsapp_ls/0/13706184782_150120/0","thumb_nail_2x":"http://inews.gtimg.com/newsapp_ls/0/13706184782_640330/0","top_big_img":["http://inews.gtimg.com/newsapp_ls/0/13706184782_485350/0","http://inews.gtimg.com/newsapp_ls/0/13706184790_485350/0","http://inews.gtimg.com/newsapp_ls/0/13706184793_485350/0"],"category_id":"2","category_name":"ent","category_cn":"娱乐","sub_category_id":"207","sub_category_name":"ent_rihan","sub_category_cn":"日韩明星","status":4,"tags":[{"tag_id":"20459966","tag_word":"金度延","tag_score":"0.599431"},{"tag_id":"574130","tag_word":"韩流","tag_score":"0.141205"},{"tag_id":"2560596","tag_word":"tvn","tag_score":"0.037449"}],"media_id":"17418239","media_name":"最最最韩流","point":"3","article_type":0,"pool_name":"ent_pool","security_field":1,"article_id":"20210628A0CXF2","source":"om","comment_id":"7044621535","comment_num":"0","create_time":"2021-06-28 22:06:28","update_time":"2021-06-28 22:06:28","publish_time":"2021-06-28 21:58:12","img_exp_type":"3","img":"http://inews.gtimg.com/newsapp_ls/0/13706184782_640330/0"},{"cms_id":"20210628A0CX6W00","title":"仙侠剧繁茂，但质量嘛…","subtitle":"","url":"https://new.qq.com/omn/20210628/20210628A0CX6W00.html","thumb_nail":"http://inews.gtimg.com/newsapp_ls/0/13706180844_150120/0","thumb_nail_2x":"http://inews.gtimg.com/newsapp_ls/0/13706180844_640330/0","top_big_img":["http://inews.gtimg.com/newsapp_ls/0/13706180844_485350/0","http://inews.gtimg.com/newsapp_ls/0/13706180846_485350/0","http://inews.gtimg.com/newsapp_ls/0/13706180851_485350/0"],"category_id":"2","category_name":"ent","category_cn":"娱乐","sub_category_id":"201","sub_category_name":"ent_dianshiju","sub_category_cn":"电视剧","status":4,"tags":[{"tag_id":"20018478","tag_word":"仙侠剧","tag_score":"0.309224"},{"tag_id":"31880242","tag_word":"仙侠101","tag_score":"0.156141"},{"tag_id":"3741451","tag_word":"三生三世十里桃花","tag_score":"0.127142"},{"tag_id":"26829122","tag_word":"千古玦尘","tag_score":"0.055857"},{"tag_id":"3359044","tag_word":"仙剑奇侠传","tag_score":"0.043712"},{"tag_id":"21805028","tag_word":"重紫","tag_score":"0.032391"}],"media_id":"5006616","media_name":"影艺独舌","point":"4","article_type":0,"pool_name":"ent_pool","security_field":1,"article_id":"20210628A0CX6W","source":"om","comment_id":"7044619283","comment_num":"0","create_time":"2021-06-28 22:06:27","update_time":"2021-06-28 22:06:27","publish_time":"2021-06-28 22:00:29","img_exp_type":"3","img":"http://inews.gtimg.com/newsapp_ls/0/13706180844_640330/0"},{"cms_id":"20210628A0CWYM00","title":"她也选择了离开……","subtitle":"","url":"https://new.qq.com/omn/20210628/20210628A0CWYM00.html","thumb_nail":"http://inews.gtimg.com/newsapp_ls/0/13706181956_150120/0","thumb_nail_2x":"http://inews.gtimg.com/newsapp_ls/0/13706181956_640330/0","top_big_img":[],"category_id":"2","category_name":"ent","category_cn":"娱乐","sub_category_id":"207","sub_category_name":"ent_rihan","sub_category_cn":"日韩明星","status":4,"tags":[{"tag_id":"60120639","tag_word":"朴宣","tag_score":"0.215342"},{"tag_id":"454615","tag_word":"星船","tag_score":"0.192875"},{"tag_id":"8549616","tag_word":"张元英","tag_score":"0.188162"},{"tag_id":"574130","tag_word":"韩流","tag_score":"0.099072"},{"tag_id":"7471469","tag_word":"starship","tag_score":"0.05637"}],"media_id":"17418239","media_name":"最最最韩流","point":"3","article_type":0,"pool_name":"ent_pool","security_field":1,"article_id":"20210628A0CWYM","source":"om","comment_id":"7044617675","comment_num":"0","create_time":"2021-06-28 22:05:04","update_time":"2021-06-28 22:05:04","publish_time":"2021-06-28 21:58:12","img_exp_type":"1","img":"http://inews.gtimg.com/newsapp_ls/0/13706181956_640330/0"},{"cms_id":"20210628A0CX9G00","title":"为了李小璐？李小璐绯闻男友和妻子吵架闹离婚，与李小璐母女关系亲密","subtitle":"","url":"https://new.qq.com/omn/20210628/20210628A0CX9G00.html","thumb_nail":"http://inews.gtimg.com/newsapp_ls/0/13706178915_150120/0","thumb_nail_2x":"http://inews.gtimg.com/newsapp_ls/0/13706178915_640330/0","top_big_img":["http://inews.gtimg.com/newsapp_ls/0/13706178915_485350/0","http://inews.gtimg.com/newsapp_ls/0/13706178918_485350/0","http://inews.gtimg.com/newsapp_ls/0/13706178924_485350/0"],"category_id":"2","category_name":"ent","category_cn":"娱乐","sub_category_id":"205","sub_category_name":"ent_dalu","sub_category_cn":"大陆明星","status":4,"tags":[{"tag_id":"2269506","tag_word":"李小璐","tag_score":"0.399099"},{"tag_id":"4187205","tag_word":"马智宇","tag_score":"0.251536"},{"tag_id":"8239838","tag_word":"离婚","tag_score":"0.160959"},{"tag_id":"8711084","tag_word":"甜馨","tag_score":"0.089402"}],"media_id":"5792019","media_name":"娱乐圈哔哔King","point":"3","article_type":0,"pool_name":"ent_pool","security_field":1,"article_id":"20210628A0CX9G","source":"om","comment_id":"7044619692","comment_num":"0","create_time":"2021-06-28 22:04:35","update_time":"2021-06-28 22:04:35","publish_time":"2021-06-28 22:02:32","img_exp_type":"3","img":"http://inews.gtimg.com/newsapp_ls/0/13706178915_640330/0"},{"cms_id":"20210628A03H9C00","title":"长泽雅美和新垣结衣久违同框，对比16年来女神颜值，谁的变化大？","subtitle":"","url":"https://new.qq.com/omn/20210628/20210628A03H9C00.html","thumb_nail":"http://inews.gtimg.com/newsapp_ls/0/13703551312_150120/0","thumb_nail_2x":"http://inews.gtimg.com/newsapp_ls/0/13703551312_640330/0","top_big_img":["http://inews.gtimg.com/newsapp_ls/0/13703551312_485350/0","http://inews.gtimg.com/newsapp_ls/0/13703551316_485350/0","http://inews.gtimg.com/newsapp_ls/0/13703551324_485350/0"],"category_id":"2","category_name":"ent","category_cn":"娱乐","sub_category_id":"207","sub_category_name":"ent_rihan","sub_category_cn":"日韩明星","status":4,"tags":[{"tag_id":"6961863","tag_word":"长泽雅美","tag_score":"0.32526"},{"tag_id":"5839686","tag_word":"新垣结衣","tag_score":"0.30946"},{"tag_id":"9313414","tag_word":"颜值","tag_score":"0.149479"}],"media_id":"5179952","media_name":"新金牌娱乐观察家","point":"3","article_type":0,"pool_name":"ent_pool","security_field":1,"article_id":"20210628A03H9C","source":"om","comment_id":"7041979000","comment_num":"0","create_time":"2021-06-28 22:00:17","update_time":"2021-06-28 22:00:17","publish_time":"2021-06-28 11:13:31","img_exp_type":"3","img":"http://inews.gtimg.com/newsapp_ls/0/13703551312_640330/0"},{"cms_id":"20210628A0CV4100","title":"让马伯骞嫉妒、郭麒麟想拥有的“心动小屋”，我打卡了","subtitle":"","url":"https://new.qq.com/omn/20210628/20210628A0CV4100.html","thumb_nail":"http://inews.gtimg.com/newsapp_ls/0/13706159091_150120/0","thumb_nail_2x":"http://inews.gtimg.com/newsapp_ls/0/13706159091_640330/0","top_big_img":[],"category_id":"2","category_name":"ent","category_cn":"娱乐","sub_category_id":"205","sub_category_name":"ent_dalu","sub_category_cn":"大陆明星","status":4,"tags":[{"tag_id":"8183257","tag_word":"马伯骞","tag_score":"0.229184"},{"tag_id":"21524077","tag_word":"心动的信号","tag_score":"0.225252"},{"tag_id":"1115374","tag_word":"郭麒麟","tag_score":"0.205673"},{"tag_id":"20984145","tag_word":"叨姐","tag_score":"0.099452"}],"media_id":"18894909","media_name":"AKA桃叨叨","point":"3","article_type":0,"pool_name":"ent_pool","security_field":1,"article_id":"20210628A0CV41","source":"om","comment_id":"7044601214","comment_num":"0","create_time":"2021-06-28 21:59:50","update_time":"2021-06-28 21:59:50","publish_time":"2021-06-28 21:57:07","img_exp_type":"1","img":"http://inews.gtimg.com/newsapp_ls/0/13706159091_640330/0"},{"cms_id":"20210627A08LTB00","title":"谁还记得“肥肥”沈殿霞这部喜剧，把暴富的小人物刻画得入木三分","subtitle":"","url":"https://new.qq.com/omn/20210627/20210627A08LTB00.html","thumb_nail":"http://inews.gtimg.com/newsapp_ls/0/13703493983_150120/0","thumb_nail_2x":"http://inews.gtimg.com/newsapp_ls/0/13703493983_640330/0","top_big_img":[],"category_id":"2","category_name":"ent","category_cn":"娱乐","sub_category_id":"206","sub_category_name":"ent_gangtai","sub_category_cn":"港台明星","status":4,"tags":[{"tag_id":"9798521","tag_word":"沈殿霞","tag_score":"0.314117"},{"tag_id":"3732144","tag_word":"富贵逼人","tag_score":"0.198999"},{"tag_id":"21681144","tag_word":"骠叔","tag_score":"0.158102"},{"tag_id":"2533160","tag_word":"张国荣","tag_score":"0.054432"}],"media_id":"5049627","media_name":"最爱酷电影","point":"3","article_type":0,"pool_name":"ent_pool","security_field":1,"article_id":"20210627A08LTB","source":"om","comment_id":"7040053614","comment_num":"0","create_time":"2021-06-28 21:58:09","update_time":"2021-06-28 21:58:09","publish_time":"2021-06-28 11:00:00","img_exp_type":"1","img":"http://inews.gtimg.com/newsapp_ls/0/13703493983_640330/0"}]}}