{"ret":0,"msg":"success","data":{"list":[{"cms_id":"20210628A0CUPT00","title":"范冰冰李晨罕见同时发文，表达一致态度，双方曾屡传复合","subtitle":"","url":"https://new.qq.com/omn/20210628/20210628A0CUPT00.html","thumb_nail":"http://inews.gtimg.com/newsapp_ls/0/13706155360_150120/0","thumb_nail_2x":"http://inews.gtimg.com/newsapp_ls/0/13706155360_640330/0","top_big_img":[],"category_id":"2","category_name":"ent","category_cn":"娱乐","sub_category_id":"205","sub_category_name":"ent_dalu","sub_category_cn":"大陆明星","status":4,"tags":[{"tag_id":"6201408","tag_word":"范冰冰","tag_score":"0.306409"},{"tag_id":"9671148","tag_word":"李晨","tag_score":"0.293963"},{"tag_id":"6975775","tag_word":"分手","tag_score":"0.159698"}],"media_id":"5305444","media_name":"辽东春秋","point":"3","article_type":0,"pool_name":"ent_pool","security_field":1,"article_id":"20210628A0CUPT","source":"om","comment_id":"7044597624","comment_num":"0","create_time":"2021-06-28 21:58:05","update_time":"2021-06-28 21:58:05","publish_time":"2021-06-28 21:55:54","img_exp_type":"1","img":"http://inews.gtimg.com/newsapp_ls/0/13706155360_640330/0"},{"cms_id":"20210628A0CU1N00","title":"哈哈哈哈哈谁能想到，今年最好笑的人竟然是他！","subtitle":"","url":"https://new.qq.com/omn/20210628/20210628A0CU1N00.html","thumb_nail":"http://inews.gtimg.com/newsapp_ls/0/13706154186_150120/0","thumb_nail_2x":"http://inews.gtimg.com/newsapp_ls/0/13706154186_640330/0","top_big_img":["http://inews.gtimg.com/newsapp_ls/0/13706154186_485350/0","http://inews.gtimg.com/newsapp_ls/0/13706154190_485350/0","http://inews.gtimg.com/newsapp_ls/0/13706154192_485350/0"],"category_id":"2","category_name":"ent","category_cn":"娱乐","sub_category_id":"202","sub_category_name":"ent_dianying","sub_category_cn":"电影","status":4,"tags":[{"tag_id":"6072711","tag_word":"吴京","tag_score":"0.310845"},{"tag_id":"8302088","tag_word":"老妹儿","tag_score":"0.293013"},{"tag_id":"22111942","tag_word":"京哥","tag_score":"0.185571"},{"tag_id":"5530578","tag_word":"战狼2","tag_score":"0.078325"},{"tag_id":"6914335","tag_word":"谢楠","tag_score":"0.065129"},{"tag_id":"7878908","tag_word":"战狼","tag_score":"0.039163"}],"media_id":"5006962","media_name":"十点电影","point":"3","article_type":0,"pool_name":"ent_pool","security_field":1,"article_id":"20210628A0CU1N","source":"om","comment_id":"7044592326","comment_num":"0","create_time":"2021-06-28 21:57:10","update_time":"2021-06-28 21:57:10","publish_time":"2021-06-28 21:48:32","img_exp_type":"3","img":"http://inews.gtimg.com/newsapp_ls/0/13706154186_640330/0"},{"cms_id":"20210628A02T4Q00","title":"R1SE解散半月，2人进组1人换发型，3人改昵称5人成立工作室","subtitle":"","url":"https://new.qq.com/omn/20210628/20210628A02T4Q00.html","thumb_nail":"http://inews.gtimg.com/newsapp_ls/0/13703359277_150120/0","thumb_nail_2x":"http://inews.gtimg.com/newsapp_ls/0/13703359277_640330/0","top_big_img":["http://inews.gtimg.com/newsapp_ls/0/13703359277_485350/0","http://inews.gtimg.com/newsapp_ls/0/13703359282_485350/0","http://inews.gtimg.com/newsapp_ls/0/13703359287_485350/0"],"category_id":"2","category_name":"ent","category_cn":"娱乐","sub_category_id":"205","sub_category_name":"ent_dalu","sub_category_cn":"大陆明星","status":4,"tags":[{"tag_id":"24142898","tag_word":"r1se","tag_score":"0.325088"},{"tag_id":"60105470","tag_word":"翟潇闻","tag_score":"0.219643"},{"tag_id":"7546673","tag_word":"焉栩嘉","tag_score":"0.104993"},{"tag_id":"1967980","tag_word":"任豪","tag_score":"0.073157"},{"tag_id":"20170456","tag_word":"何洛洛","tag_score":"0.065735"},{"tag_id":"20737001","tag_word":"张颜齐","tag_score":"0.047368"}],"media_id":"5786039","media_name":"大娱小鱼","point":"3","article_type":0,"pool_name":"ent_pool","security_field":1,"article_id":"20210628A02T4Q","source":"om","comment_id":"7041781552","comment_num":"1","create_time":"2021-06-28 21:49:34","update_time":"2021-06-28 21:49:34","publish_time":"2021-06-28 10:25:06","img_exp_type":"3","img":"http://inews.gtimg.com/newsapp_ls/0/13703359277_640330/0"},{"cms_id":"20210628A0CQ8D00","title":"16年了，终于等到了，看来黄景瑜肖战又拿到了新“王炸”","subtitle":"","url":"https://new.qq.com/omn/20210628/20210628A0CQ8D00.html","thumb_nail":"http://inews.gtimg.com/newsapp_ls/0/13706121740_150120/0","thumb_nail_2x":"http://inews.gtimg.com/newsapp_ls/0/13706121740_640330/0","top_big_img":["http://inews.gtimg.com/newsapp_ls/0/13706121740_485350/0","http://inews.gtimg.com/newsapp_ls/0/13706121744_485350/0","http://inews.gtimg.com/newsapp_ls/0/13706121748_485350/0"],"category_id":"2","category_name":"ent","category_cn":"娱乐","sub_category_id":"201","sub_category_name":"ent_dianshiju","sub_category_cn":"电视剧","status":4,"tags":[{"tag_id":"3222118","tag_word":"黄景瑜","tag_score":"0.281981"},{"tag_id":"3527854","tag_word":"肖战","tag_score":"0.211548"},{"tag_id":"3670330","tag_word":"李沁","tag_score":"0.156279"},{"tag_id":"20030405","tag_word":"王炸","tag_score":"0.112099"},{"tag_id":"20813873","tag_word":"王牌部队","tag_score":"0.109364"},{"tag_id":"2297520","tag_word":"李云龙","tag_score":"0.069925"},{"tag_id":"1835707","tag_word":"李幼斌","tag_score":"0.058804"}],"media_id":"5881814","media_name":"逍遥扒扒娱","point":"3","article_type":0,"pool_name":"ent_pool","security_field":1,"article_id":"20210628A0CQ8D","source":"om","comment_id":"7044560246","comment_num":"0","create_time":"2021-06-28 21:47:00","update_time":"2021-06-28 21:47:00","publish_time":"2021-06-28 21:44:24","img_exp_type":"3","img":"http://inews.gtimg.com/newsapp_ls/0/13706121740_640330/0"},{"cms_id":"20210628A0CQAS00","title":"粉丝追星有多疯狂？潜入明星家中吃住，飞机上不顾危险冲商务舱","subtitle":"","url":"https://new.qq.com/omn/20210628/20210628A0CQAS00.html","thumb_nail":"http://inews.gtimg.com/newsapp_ls/0/13706122316_150120/0","thumb_nail_2x":"http://inews.gtimg.com/newsapp_ls/0/13706122316_640330/0","top_big_img":[],"category_id":"2","category_name":"ent","category_cn":"娱乐","sub_category_id":"205","sub_category_name":"ent_dalu","sub_category_cn":"大陆明星","status":4,"tags":[{"tag_id":"9090845","tag_word":"粉丝","tag_score":"0.317444"},{"tag_id":"887459","tag_word":"刘德华","tag_score":"0.08356"},{"tag_id":"4145970","tag_word":"私生饭","tag_score":"0.072298"},{"tag_id":"3986298","tag_word":"杨坤","tag_score":"0.066347"},{"tag_id":"2635052","tag_word":"小虎队","tag_score":"0.056186"},{"tag_id":"4091575","tag_word":"赵泳鑫","tag_score":"0.052307"},{"tag_id":"7842508","tag_word":"杨丽娟","tag_score":"0.044755"}],"media_id":"5698374","media_name":"九米妈妈","point":"3","article_type":0,"pool_name":"ent_pool","security_field":1,"article_id":"20210628A0CQAS","source":"om","comment_id":"7044560888","comment_num":"0","create_time":"2021-06-28 21:46:06","update_time":"2021-06-28 21:46:06","publish_time":"2021-06-28 21:44:37","img_exp_type":"1","img":"http://inews.gtimg.com/newsapp_ls/0/13706122316_640330/0"},{"cms_id":"20210628A0CP1M00","title":"来评，问鼎最佳女主的新人演员演技如何","subtitle":"","url":"https://new.qq.com/omn/20210628/20210628A0CP1M00.html","thumb_nail":"http://inews.gtimg.com/newsapp_ls/0/13706121289_150120/0","thumb_nail_2x":"http://inews.gtimg.com/newsapp_ls/0/13706121289_640330/0","top_big_img":[],"category_id":"2","category_name":"ent","category_cn":"娱乐","sub_category_id":"201","sub_category_name":"ent_dianshiju","sub_category_cn":"电视剧","status":4,"tags":[{"tag_id":"27423558","tag_word":"变成你的那一天","tag_score":"0.319235"},{"tag_id":"28677662","tag_word":"余声声","tag_score":"0.124257"},{"tag_id":"32502687","tag_word":"江熠","tag_score":"0.073354"},{"tag_id":"28566569","tag_word":"bushi","tag_score":"0.071025"},{"tag_id":"1456134","tag_word":"张新成","tag_score":"0.061439"}],"media_id":"17413164","media_name":"剧能说","point":"3","article_type":0,"pool_name":"ent_pool","security_field":1,"article_id":"20210628A0CP1M","source":"om","comment_id":"7044552056","comment_num":"0","create_time":"2021-06-28 21:46:01","update_time":"2021-06-28 21:46:01","publish_time":"2021-06-28 21:37:34","img_exp_type":"1","img":"http://inews.gtimg.com/newsapp_ls/0/13706121289_640330/0"},{"cms_id":"20210628A0CP3E00","title":"从“学霸”高考307看娱乐圈人设内卷","subtitle":"","url":"https://new.qq.com/omn/20210628/20210628A0CP3E00.html","thumb_nail":"http://inews.gtimg.com/newsapp_ls/0/13706118393_150120/0","thumb_nail_2x":"http://inews.gtimg.com/newsapp_ls/0/13706118393_640330/0","top_big_img":[],"category_id":"2","category_name":"ent","category_cn":"娱乐","sub_category_id":"205","sub_category_name":"ent_dalu","sub_category_cn":"大陆明星","status":4,"tags":[{"tag_id":"3367322","tag_word":"马嘉祺","tag_score":"0.444013"},{"tag_id":"8898480","tag_word":"tfboys","tag_score":"0.085354"},{"tag_id":"25710901","tag_word":"时代少年团","tag_score":"0.057997"},{"tag_id":"7891731","tag_word":"文化课","tag_score":"0.049883"},{"tag_id":"4977519","tag_word":"关晓彤","tag_score":"0.049352"},{"tag_id":"21961029","tag_word":"时代峰峻","tag_score":"0.048756"}],"media_id":"5157051","media_name":"小冷Show","point":"3","article_type":0,"pool_name":"ent_pool","security_field":1,"article_id":"20210628A0CP3E","source":"om","comment_id":"7044552607","comment_num":"0","create_time":"2021-06-28 21:45:41","update_time":"2021-06-28 21:45:41","publish_time":"2021-06-28 21:40:12","img_exp_type":"1","img":"http://inews.gtimg.com/newsapp_ls/0/13706118393_640330/0"},{"cms_id":"20210628A0COJB00","title":"上半年全球票房榜十强出炉，中美各5部，好莱坞难敌春节档","subtitle":"","url":"https://new.qq.com/omn/20210628/20210628A0COJB00.html","thumb_nail":"http://inews.gtimg.com/newsapp_ls/0/13706109270_150120/0","thumb_nail_2x":"http://inews.gtimg.com/newsapp_ls/0/13706109270_640330/0","top_big_img":["http://inews.gtimg.com/newsapp_ls/0/13706109270_485350/0","http://inews.gtimg.com/newsapp_ls/0/13706109276_485350/0","http://inews.gtimg.com/newsapp_ls/0/13706109281_485350/0"],"category_id":"2","category_name":"ent","category_cn":"娱乐","sub_category_id":"202","sub_category_name":"ent_dianying","sub_category_cn":"电影","status":4,"tags":[{"tag_id":"5842825","tag_word":"票房","tag_score":"0.213693"},{"tag_id":"20013529","tag_word":"春节档","tag_score":"0.13834"},{"tag_id":"6016801","tag_word":"速度与激情9","tag_score":"0.093897"},{"tag_id":"22347784","tag_word":"寂静之地2","tag_score":"0.069405"},{"tag_id":"3037080","tag_word":"北美","tag_score":"0.064454"},{"tag_id":"6541831","tag_word":"你好,李焕英","tag_score":"0.055565"},{"tag_id":"5060006","tag_word":"速度与激情","tag_score":"0.046949"},{"tag_id":"285744","tag_word":"刺杀小说家","tag_score":"0.036465"},{"tag_id":"23564930","tag_word":"悬崖之上","tag_score":"0.036465"},{"tag_id":"25562795","tag_word":"007:无暇赴死","tag_score":"0.036465"}],"media_id":"5466103","media_name":"8分电影","point":"4","article_type":0,"pool_name":"ent_pool","security_field":1,"article_id":"20210628A0COJB","source":"om","comment_id":"7044547396","comment_num":"0","create_time":"2021-06-28 21:44:55","update_time":"2021-06-28 21:44:55","publish_time":"2021-06-28 21:40:20","img_exp_type":"3","img":"http://inews.gtimg.com/newsapp_ls/0/13706109270_640330/0"},{"cms_id":"20210628A0COEY00","title":"奇怪的CP又增加了","subtitle":"","url":"https://new.qq.com/omn/20210628/20210628A0COEY00.html","thumb_nail":"http://inews.gtimg.com/newsapp_ls/0/13706108043_150120/0","thumb_nail_2x":"http://inews.gtimg.com/newsapp_ls/0/13706108043_640330/0","top_big_img":[],"category_id":"2","category_name":"ent","category_cn":"娱乐","sub_category_id":"201","sub_category_name":"ent_dianshiju","sub_category_cn":"电视剧","status":4,"tags":[{"tag_id":"7730285","tag_word":"孙悟空","tag_score":"0.213148"},{"tag_id":"6278016","tag_word":"岳云鹏","tag_score":"0.127568"},{"tag_id":"559286","tag_word":"沈腾","tag_score":"0.118419"},{"tag_id":"2678825","tag_word":"佟湘玉","tag_score":"0.101055"},{"tag_id":"9317294","tag_word":"贾玲","tag_score":"0.10073"},{"tag_id":"1431839","tag_word":"拉郎","tag_score":"0.085661"}],"media_id":"17413164","media_name":"剧能说","point":"3","article_type":0,"pool_name":"ent_pool","security_field":1,"article_id":"20210628A0COEY","source":"om","comment_id":"7044546822","comment_num":"0","create_time":"2021-06-28 21:42:57","update_time":"2021-06-28 21:42:57","publish_time":"2021-06-28 21:37:34","img_exp_type":"1","img":"http://inews.gtimg.com/newsapp_ls/0/13706108043_640330/0"},{"cms_id":"20210628A0CO6C00","title":"蔡少芬曝婚姻不易，怀孕时张晋拒绝陪伴，独自坚持拍完《甄嬛传》","subtitle":"","url":"https://new.qq.com/omn/20210628/20210628A0CO6C00.html","thumb_nail":"http://inews.gtimg.com/newsapp_ls/0/13706105567_150120/0","thumb_nail_2x":"http://inews.gtimg.com/newsapp_ls/0/13706105567_640330/0","top_big_img":["http://inews.gtimg.com/newsapp_ls/0/13706105567_485350/0","http://inews.gtimg.com/newsapp_ls/0/13706105569_485350/0","http://inews.gtimg.com/newsapp_ls/0/13706105571_485350/0"],"category_id":"2","category_name":"ent","category_cn":"娱乐","sub_category_id":"205","sub_category_name":"ent_dalu","sub_category_cn":"大陆明星","status":4,"tags":[{"tag_id":"3146574","tag_word":"张晋","tag_score":"0.31405"},{"tag_id":"7747097","tag_word":"蔡少芬","tag_score":"0.260467"},{"tag_id":"5042670","tag_word":"杨乐乐","tag_score":"0.158418"},{"tag_id":"5038106","tag_word":"甄嬛传","tag_score":"0.142478"},{"tag_id":"849527","tag_word":"汪涵","tag_score":"0.078826"},{"tag_id":"9816899","tag_word":"孙俪","tag_score":"0.045761"}],"media_id":"5211831","media_name":"传媒樱桃派","point":"3","article_type":0,"pool_name":"ent_pool","security_field":1,"article_id":"20210628A0CO6C","source":"om","comment_id":"7044544461","comment_num":"0","create_time":"2021-06-28 21:41:09","update_time":"2021-06-28 21:41:09","publish_time":"2021-06-28 21:39:20","img_exp_type":"3","img":"http://inews.gtimg.com/newsapp_ls/0/13706105567_640330/0"},{"cms_id":"20210628A0CNZD00","title":"一波未平一波又起，《绝密者》剧方起诉郑爽，复出无望又官司缠身","subtitle":"","url":"https://new.qq.com/omn/20210628/20210628A0CNZD00.html","thumb_nail":"http://inews.gtimg.com/newsapp_ls/0/13706102186_150120/0","thumb_nail_2x":"http://inews.gtimg.com/newsapp_ls/0/13706102186_640330/0","top_big_img":["http://inews.gtimg.com/newsapp_ls/0/13706102186_485350/0","http://inews.gtimg.com/newsapp_ls/0/13706102190_485350/0","http://inews.gtimg.com/newsapp_ls/0/13706102192_485350/0"],"category_id":"2","category_name":"ent","category_cn":"娱乐","sub_category_id":"201","sub_category_name":"ent_dianshiju","sub_category_cn":"电视剧","status":4,"tags":[{"tag_id":"6974892","tag_word":"郑爽","tag_score":"0.424263"},{"tag_id":"6540375","tag_word":"绝密者","tag_score":"0.263111"},{"tag_id":"1774701","tag_word":"复出","tag_score":"0.122468"},{"tag_id":"9602762","tag_word":"翡翠恋人","tag_score":"0.056547"},{"tag_id":"4529373","tag_word":"张恒","tag_score":"0.024944"}],"media_id":"5037848","media_name":"李洪伙","point":"3","article_type":0,"pool_name":"ent_pool","security_field":1,"article_id":"20210628A0CNZD","source":"om","comment_id":"7044543001","comment_num":"0","create_time":"2021-06-28 21:40:23","update_time":"2021-06-28 21:40:23","publish_time":"2021-06-28 21:38:53","img_exp_type":"3","img":"http://inews.gtimg.com/newsapp_ls/0/13706102186_640330/0"},{"cms_id":"20210628A0CMT800","title":"赵丽颖谈第一次演戏，自称什么都不懂，紧张到说不全台词","subtitle":"","url":"https://new.qq.com/omn/20210628/20210628A0CMT800.html","thumb_nail":"http://inews.gtimg.com/newsapp_ls/0/13706094804_150120/0","thumb_nail_2x":"http://inews.gtimg.com/newsapp_ls/0/13706094804_640330/0","top_big_img":["http://inews.gtimg.com/newsapp_ls/0/13706094804_485350/0","http://inews.gtimg.com/newsapp_ls/0/13706094810_485350/0","http://inews.gtimg.com/newsapp_ls/0/13706094813_485350/0"],"category_id":"2","category_name":"ent","category_cn":"娱乐","sub_category_id":"205","sub_category_name":"ent_dalu","sub_category_cn":"大陆明星","status":4,"tags":[{"tag_id":"1560555","tag_word":"赵丽颖","tag_score":"0.562307"},{"tag_id":"5273172","tag_word":"台词","tag_score":"0.233125"}],"media_id":"5046250","media_name":"方舟先生","point":"2","article_type":0,"pool_name":"ent_pool","security_field":1,"article_id":"20210628A0CMT8","source":"om","comment_id":"7044534233","comment_num":"0","create_time":"2021-06-28 21:38:22","update_time":"2021-06-28 21:38:22","publish_time":"2021-06-28 21:36:02","img_exp_type":"3","img":"http://inews.gtimg.com/newsapp_ls/0/13706094804_640330/0"},{"cms_id":"20210628A0CM2D00","title":"10年7次提名，当年红过张曼玉，叶童因演“许仙”断送了大好前程","subtitle":"","url":"https://new.qq.com/omn/20210628/20210628A0CM2D00.html","thumb_nail":"http://inews.gtimg.com/newsapp_ls/0/13706088661_150120/0","thumb_nail_2x":"http://inews.gtimg.com/newsapp_ls/0/13706088661_640330/0","top_big_img":["http://inews.gtimg.com/newsapp_ls/0/13706088661_485350/0","http://inews.gtimg.com/newsapp_ls/0/13706088662_485350/0","http://inews.gtimg.com/newsapp_ls/0/13706088665_485350/0"],"category_id":"2","category_name":"ent","category_cn":"娱乐","sub_category_id":"206","sub_category_name":"ent_gangtai","sub_category_cn":"港台明星","status":4,"tags":[{"tag_id":"2739902","tag_word":"叶童","tag_score":"0.355027"},{"tag_id":"7186195","tag_word":"张曼玉","tag_score":"0.286789"},{"tag_id":"5405524","tag_word":"许仙","tag_score":"0.227771"},{"tag_id":"3892268","tag_word":"刘青云","tag_score":"0.049686"},{"tag_id":"7696567","tag_word":"陈国熹","tag_score":"0.040705"},{"tag_id":"2533160","tag_word":"张国荣","tag_score":"0.040022"}],"media_id":"5454845","media_name":"电影七","point":"3","article_type":0,"pool_name":"ent_pool","security_field":1,"article_id":"20210628A0CM2D","source":"om","comment_id":"7044528658","comment_num":"0","create_time":"2021-06-28 21:36:07","update_time":"2021-06-28 21:36:07","publish_time":"2021-06-28 21:34:21","img_exp_type":"3","img":"http://inews.gtimg.com/newsapp_ls/0/13706088661_640330/0"},{"cms_id":"20210628A0CLRM00","title":"73岁王刚：3婚2离，娇妻比他小20岁，儿子比他小60岁","subtitle":"","url":"https://new.qq.com/omn/20210628/20210628A0CLRM00.html","thumb_nail":"http://inews.gtimg.com/newsapp_ls/0/13706087993_150120/0","thumb_nail_2x":"http://inews.gtimg.com/newsapp_ls/0/13706087993_640330/0","top_big_img":["http://inews.gtimg.com/newsapp_ls/0/13706087993_485350/0","http://inews.gtimg.com/newsapp_ls/0/13706087994_485350/0","http://inews.gtimg.com/newsapp_ls/0/13706087995_485350/0"],"category_id":"2","category_name":"ent","category_cn":"娱乐","sub_category_id":"205","sub_category_name":"ent_dalu","sub_category_cn":"大陆明星","status":4,"tags":[{"tag_id":"137670","tag_word":"王刚","tag_score":"0.585274"},{"tag_id":"20218136","tag_word":"杜小娟","tag_score":"0.132528"},{"tag_id":"333877","tag_word":"王静","tag_score":"0.099703"},{"tag_id":"8698426","tag_word":"成方圆","tag_score":"0.096465"},{"tag_id":"163563","tag_word":"王婷婷","tag_score":"0.044121"},{"tag_id":"4884846","tag_word":"郑艳东","tag_score":"0.041909"}],"media_id":"16572989","media_name":"本主儿","point":"3","article_type":0,"pool_name":"ent_pool","security_field":1,"article_id":"20210628A0CLRM","source":"om","comment_id":"7044526197","comment_num":"0","create_time":"2021-06-28 21:36:04","update_time":"2021-06-28 21:36:04","publish_time":"2021-06-28 21:33:43","img_exp_type":"3","img":"http://inews.gtimg.com/newsapp_ls/0/13706087993_640330/0"},{"cms_id":"20210628A0AT3000","title":"看完《悬崖之上》，我忍不住写了第一篇关于电影的文章","subtitle":"","url":"https://new.qq.com/omn/20210628/20210628A0AT3000.html","thumb_nail":"http://inews.gtimg.com/newsapp_ls/0/13705580600_150120/0","thumb_nail_2x":"http://inews.gtimg.com/newsapp_ls/0/13705580600_640330/0","top_big_img":["http://inews.gtimg.com/newsapp_ls/0/13705580600_485350/0","http://inews.gtimg.com/newsapp_ls/0/13705580604_485350/0","http://inews.gtimg.com/newsapp_ls/0/13705580607_485350/0"],"category_id":"2","category_name":"ent","category_cn":"娱乐","sub_category_id":"205","sub_category_name":"ent_dalu","sub_category_cn":"大陆明星","status":4,"tags":[{"tag_id":"23564930","tag_word":"悬崖之上","tag_score":"0.355519"},{"tag_id":"5491374","tag_word":"张艺谋","tag_score":"0.194941"},{"tag_id":"23281456","tag_word":"张宪臣","tag_score":"0.106416"},{"tag_id":"2213955","tag_word":"鲁明","tag_score":"0.072426"},{"tag_id":"21330358","tag_word":"楚良","tag_score":"0.037214"}],"media_id":"19252307","media_name":"我们的好声音","point":"3","article_type":0,"pool_name":"ent_pool","security_field":1,"article_id":"20210628A0AT30","source":"om","comment_id":"7043975090","comment_num":"1","create_time":"2021-06-28 21:34:52","update_time":"2021-06-28 21:34:52","publish_time":"2021-06-28 19:17:41","img_exp_type":"3","img":"http://inews.gtimg.com/newsapp_ls/0/13705580600_640330/0"},{"cms_id":"20210628A0AMJJ00","title":"借势吴亦凡，两年时间上春晚，李雪琴是怎么做到的？","subtitle":"","url":"https://new.qq.com/omn/20210628/20210628A0AMJJ00.html","thumb_nail":"http://inews.gtimg.com/newsapp_ls/0/13705538882_150120/0","thumb_nail_2x":"http://inews.gtimg.com/newsapp_ls/0/13705538882_640330/0","top_big_img":["http://inews.gtimg.com/newsapp_ls/0/13705538882_485350/0","http://inews.gtimg.com/newsapp_ls/0/13705538891_485350/0","http://inews.gtimg.com/newsapp_ls/0/13705538897_485350/0"],"category_id":"2","category_name":"ent","category_cn":"娱乐","sub_category_id":"203","sub_category_name":"ent_zongyi","sub_category_cn":"综艺","status":4,"tags":[{"tag_id":"3818411","tag_word":"吴亦凡","tag_score":"0.326838"},{"tag_id":"20304762","tag_word":"李雪琴","tag_score":"0.311176"},{"tag_id":"4348674","tag_word":"春晚","tag_score":"0.226638"},{"tag_id":"6553770","tag_word":"桃花坞","tag_score":"0.08076"}],"media_id":"9089293","media_name":"事业蒸蒸日上","point":"3","article_type":0,"pool_name":"ent_pool","security_field":1,"article_id":"20210628A0AMJJ","source":"om","comment_id":"7043917815","comment_num":"0","create_time":"2021-06-28 21:32:54","update_time":"2021-06-28 21:32:54","publish_time":"2021-06-28 19:05:18","img_exp_type":"3","img":"http://inews.gtimg.com/newsapp_ls/0/13705538882_640330/0"},{"cms_id":"20210628A09U5X00","title":"岳云鹏的媳妇有多好？给5个大姑姐买房子不心疼钱，难怪评价高","subtitle":"","url":"https://new.qq.com/omn/20210628/20210628A09U5X00.html","thumb_nail":"http://inews.gtimg.com/newsapp_ls/0/13705344098_150120/0","thumb_nail_2x":"http://inews.gtimg.com/newsapp_ls/0/13705344098_640330/0","top_big_img":["http://inews.gtimg.com/newsapp_ls/0/13705344098_485350/0","http://inews.gtimg.com/newsapp_ls/0/13705344101_485350/0","http://inews.gtimg.com/newsapp_ls/0/13705344107_485350/0"],"category_id":"2","category_name":"ent","category_cn":"娱乐","sub_category_id":"205","sub_category_name":"ent_dalu","sub_category_cn":"大陆明星","status":4,"tags":[{"tag_id":"6278016","tag_word":"岳云鹏","tag_score":"0.452359"},{"tag_id":"6974892","tag_word":"郑爽","tag_score":"0.115585"},{"tag_id":"227916","tag_word":"郭德纲","tag_score":"0.091385"},{"tag_id":"4634800","tag_word":"德云社","tag_score":"0.088232"},{"tag_id":"7549447","tag_word":"郑敏","tag_score":"0.049474"}],"media_id":"5409491","media_name":"圈内","point":"3","article_type":0,"pool_name":"ent_pool","security_field":1,"article_id":"20210628A09U5X","source":"om","comment_id":"7043703186","comment_num":"0","create_time":"2021-06-28 21:29:28","update_time":"2021-06-28 21:29:28","publish_time":"2021-06-28 18:21:18","img_exp_type":"3","img":"http://inews.gtimg.com/newsapp_ls/0/13705344098_640330/0"},{"cms_id":"20210628A0CI1800","title":"当年有多嫌弃《月亮之上》，现在就有多热爱凤凰传奇","subtitle":"","url":"https://new.qq.com/omn/20210628/20210628A0CI1800.html","thumb_nail":"http://inews.gtimg.com/newsapp_ls/0/13706054810_150120/0","thumb_nail_2x":"http://inews.gtimg.com/newsapp_ls/0/13706054810_640330/0","top_big_img":["http://inews.gtimg.com/newsapp_ls/0/13706054810_485350/0","http://inews.gtimg.com/newsapp_ls/0/13706054813_485350/0","http://inews.gtimg.com/newsapp_ls/0/13706054816_485350/0"],"category_id":"2","category_name":"ent","category_cn":"娱乐","sub_category_id":"204","sub_category_name":"ent_yingyue","sub_category_cn":"音乐","status":4,"tags":[{"tag_id":"855659","tag_word":"凤凰传奇","tag_score":"0.45003"},{"tag_id":"925301","tag_word":"月亮之上","tag_score":"0.353604"},{"tag_id":"4496038","tag_word":"歌手","tag_score":"0.078053"},{"tag_id":"2857156","tag_word":"华晨宇","tag_score":"0.048406"}],"media_id":"13618500","media_name":"闲说漫威","point":"3","article_type":0,"pool_name":"ent_pool","security_field":1,"article_id":"20210628A0CI18","source":"om","comment_id":"7044496593","comment_num":"1","create_time":"2021-06-28 21:27:54","update_time":"2021-06-28 21:27:54","publish_time":"2021-06-28 21:25:05","img_exp_type":"3","img":"http://inews.gtimg.com/newsapp_ls/0/13706054810_640330/0"},{"cms_id":"20210628A0CHI200","title":"四年三次迭代，“甜宠”与“剧N代”的艰难升级｜专访《双世宠妃3》导演","subtitle":"","url":"https://new.qq.com/omn/20210628/20210628A0CHI200.html","thumb_nail":"http://inews.gtimg.com/newsapp_ls/0/13706050293_150120/0","thumb_nail_2x":"http://inews.gtimg.com/newsapp_ls/0/13706050293_640330/0","top_big_img":["http://inews.gtimg.com/newsapp_ls/0/13706050293_485350/0","http://inews.gtimg.com/newsapp_ls/0/13706050300_485350/0","http://inews.gtimg.com/newsapp_ls/0/13706050306_485350/0"],"category_id":"2","category_name":"ent","category_cn":"娱乐","sub_category_id":"201","sub_category_name":"ent_dianshiju","sub_category_cn":"电视剧","status":4,"tags":[{"tag_id":"1914523","tag_word":"双世宠妃","tag_score":"0.294764"},{"tag_id":"22678397","tag_word":"双世宠妃3","tag_score":"0.238774"},{"tag_id":"4522590","tag_word":"导演","tag_score":"0.225354"},{"tag_id":"20024041","tag_word":"余洲影视","tag_score":"0.125164"},{"tag_id":"80031","tag_word":"曲小檀","tag_score":"0.059989"},{"tag_id":"6119894","tag_word":"李阳","tag_score":"0.055954"}],"media_id":"5163986","media_name":"娱乐独角兽","point":"3","article_type":0,"pool_name":"ent_pool","security_field":1,"article_id":"20210628A0CHI2","source":"om","comment_id":"7044491487","comment_num":"0","create_time":"2021-06-28 21:27:03","update_time":"2021-06-28 21:27:03","publish_time":"2021-06-28 21:23:26","img_exp_type":"3","img":"http://inews.gtimg.com/newsapp_ls/0/13706050293_640330/0"},{"cms_id":"20210628A0AWDK00","title":"《向往》临近尾声，张艺兴首次带气氛失败，何炅黄磊应对方式不同","subtitle":"","url":"https://new.qq.com/omn/20210628/20210628A0AWDK00.html","thumb_nail":"http://inews.gtimg.com/newsapp_ls/0/13705606124_150120/0","thumb_nail_2x":"http://inews.gtimg.com/newsapp_ls/0/13705606124_640330/0","top_big_img":["http://inews.gtimg.com/newsapp_ls/0/13705606124_485350/0","http://inews.gtimg.com/newsapp_ls/0/13705606126_485350/0","http://inews.gtimg.com/newsapp_ls/0/13705606129_485350/0"],"category_id":"2","category_name":"ent","category_cn":"娱乐","sub_category_id":"203","sub_category_name":"ent_zongyi","sub_category_cn":"综艺","status":4,"tags":[{"tag_id":"4428231","tag_word":"张艺兴","tag_score":"0.29421"},{"tag_id":"6445862","tag_word":"向往的生活","tag_score":"0.203037"},{"tag_id":"3446715","tag_word":"何炅","tag_score":"0.191068"},{"tag_id":"2833920","tag_word":"黄磊","tag_score":"0.178332"},{"tag_id":"26534154","tag_word":"向往5","tag_score":"0.04425"},{"tag_id":"4651715","tag_word":"极限挑战","tag_score":"0.030244"},{"tag_id":"5389484","tag_word":"张子枫","tag_score":"0.02971"},{"tag_id":"5630873","tag_word":"彭昱畅","tag_score":"0.029148"},{"tag_id":"390408","tag_word":"向往","tag_score":"0.022125"}],"media_id":"5834874","media_name":"小小粉刷匠","point":"3","article_type":0,"pool_name":"ent_pool","security_field":1,"article_id":"20210628A0AWDK","source":"om","comment_id":"7044000553","comment_num":"0","create_time":"2021-06-28 21:25:25","update_time":"2021-06-28 21:25:25","publish_time":"2021-06-28 19:24:18","img_exp_type":"3","img":"http://inews.gtimg.com/newsapp_ls/0/13705606124_640330/0"}]}}