{"ret":0,"msg":"success","data":{"list":[{"cms_id":"20210628A0DRN100","title":"央视主持人邹韵进步明显，主持直播节目不怯场，整体节奏把控到位","subtitle":"","url":"https://new.qq.com/omn/20210628/20210628A0DRN100.html","thumb_nail":"http://inews.gtimg.com/newsapp_ls/0/13706437700_150120/0","thumb_nail_2x":"http://inews.gtimg.com/newsapp_ls/0/13706437700_640330/0","top_big_img":["http://inews.gtimg.com/newsapp_ls/0/13706437700_485350/0","http://inews.gtimg.com/newsapp_ls/0/13706437702_485350/0","http://inews.gtimg.com/newsapp_ls/0/13706437705_485350/0"],"category_id":"2","category_name":"ent","category_cn":"娱乐","sub_category_id":"203","sub_category_name":"ent_zongyi","sub_category_cn":"综艺","status":4,"tags":[{"tag_id":"6253512","tag_word":"央视","tag_score":"0.285143"},{"tag_id":"25801350","tag_word":"邹韵","tag_score":"0.263967"},{"tag_id":"21367078","tag_word":"主持人大赛","tag_score":"0.203085"}],"media_id":"6088551","media_name":"呆王希希","point":"3","article_type":0,"pool_name":"ent_pool","security_field":1,"article_id":"20210628A0DRN1","source":"om","comment_id":"7044915152","comment_num":"0","create_time":"2021-06-28 23:37:09","update_time":"2021-06-28 23:37:09","publish_time":"2021-06-28 23:35:33","img_exp_type":"3","img":"http://inews.gtimg.com/newsapp_ls/0/13706437700_640330/0"},{"cms_id":"20210628A0DQV400","title":"马嘉祺落榜事件，“养成系之光”的坠落","subtitle":"","url":"https://new.qq.com/omn/20210628/20210628A0DQV400.html","thumb_nail":"http://inews.gtimg.com/newsapp_ls/0/13706433195_150120/0","thumb_nail_2x":"http://inews.gtimg.com/newsapp_ls/0/13706433195_640330/0","top_big_img":[],"category_id":"2","category_name":"ent","category_cn":"娱乐","sub_category_id":"205","sub_category_name":"ent_dalu","sub_category_cn":"大陆明星","status":4,"tags":[{"tag_id":"3367322","tag_word":"马嘉祺","tag_score":"0.399561"},{"tag_id":"9090845","tag_word":"粉丝","tag_score":"0.235192"},{"tag_id":"25710901","tag_word":"时代少年团","tag_score":"0.094715"},{"tag_id":"21961029","tag_word":"时代峰峻","tag_score":"0.057688"}],"media_id":"10693139","media_name":"骨朵星番","point":"3","article_type":0,"pool_name":"ent_pool","security_field":1,"article_id":"20210628A0DQV4","source":"om","comment_id":"7044908206","comment_num":"0","create_time":"2021-06-28 23:37:07","update_time":"2021-06-28 23:37:07","publish_time":"2021-06-28 23:29:50","img_exp_type":"1","img":"http://inews.gtimg.com/newsapp_ls/0/13706433195_640330/0"},{"cms_id":"20210628A0DR7000","title":"16岁童星见义勇为，救下落水男童后离开，曾出演《隐秘的角落》","subtitle":"","url":"https://new.qq.com/omn/20210628/20210628A0DR7000.html","thumb_nail":"http://inews.gtimg.com/newsapp_ls/0/13706437168_150120/0","thumb_nail_2x":"http://inews.gtimg.com/newsapp_ls/0/13706437168_640330/0","top_big_img":["http://inews.gtimg.com/newsapp_ls/0/13706437168_485350/0","http://inews.gtimg.com/newsapp_ls/0/13706437169_485350/0","http://inews.gtimg.com/newsapp_ls/0/13706437171_485350/0"],"category_id":"2","category_name":"ent","category_cn":"娱乐","sub_category_id":"205","sub_category_name":"ent_dalu","sub_category_cn":"大陆明星","status":4,"tags":[{"tag_id":"1109966","tag_word":"童星","tag_score":"0.287996"},{"tag_id":"25169332","tag_word":"隐秘的角落","tag_score":"0.287282"},{"tag_id":"60053344","tag_word":"史彭元","tag_score":"0.208482"},{"tag_id":"6317009","tag_word":"荣梓杉","tag_score":"0.088081"}],"media_id":"16397510","media_name":"小海娱计","point":"3","article_type":0,"pool_name":"ent_pool","security_field":1,"article_id":"20210628A0DR70","source":"om","comment_id":"7044910689","comment_num":"0","create_time":"2021-06-28 23:36:52","update_time":"2021-06-28 23:36:52","publish_time":"2021-06-28 23:33:38","img_exp_type":"3","img":"http://inews.gtimg.com/newsapp_ls/0/13706437168_640330/0"},{"cms_id":"20210628A0DQSZ00","title":"亚马逊推出“黑胶俱乐部”订阅服务；《模拟人生4》中将举办虚拟音乐节","subtitle":"","url":"https://new.qq.com/omn/20210628/20210628A0DQSZ00.html","thumb_nail":"http://inews.gtimg.com/newsapp_ls/0/13706432685_150120/0","thumb_nail_2x":"http://inews.gtimg.com/newsapp_ls/0/13706432685_640330/0","top_big_img":["http://inews.gtimg.com/newsapp_ls/0/13706432685_485350/0","http://inews.gtimg.com/newsapp_ls/0/13706432689_485350/0","http://inews.gtimg.com/newsapp_ls/0/13706432691_485350/0"],"category_id":"16","category_name":"tech","category_cn":"科技","sub_category_id":"1609","sub_category_name":"tech_xinwenyu","sub_category_cn":"新文娱","status":4,"tags":[{"tag_id":"3079253","tag_word":"亚马逊","tag_score":"0.262145"},{"tag_id":"310377","tag_word":"模拟人生4","tag_score":"0.201107"},{"tag_id":"3260059","tag_word":"b站","tag_score":"0.135597"},{"tag_id":"8800117","tag_word":"抖音","tag_score":"0.118564"},{"tag_id":"5529181","tag_word":"模拟人生","tag_score":"0.100553"},{"tag_id":"102075","tag_word":"迪士尼","tag_score":"0.065734"}],"media_id":"5646251","media_name":"中国音乐财经","point":"3","article_type":0,"pool_name":"ent_pool","security_field":1,"article_id":"20210628A0DQSZ","source":"om","comment_id":"7044907495","comment_num":"0","create_time":"2021-06-28 23:35:26","update_time":"2021-06-28 23:35:26","publish_time":"2021-06-28 23:30:29","img_exp_type":"3","img":"http://inews.gtimg.com/newsapp_ls/0/13706432685_640330/0"},{"cms_id":"20210628A0DQ3R00","title":"马嘉祺粉丝嘲讽清华博士，反被牵出非法集资700万，汪海林表态了","subtitle":"","url":"https://new.qq.com/omn/20210628/20210628A0DQ3R00.html","thumb_nail":"http://inews.gtimg.com/newsapp_ls/0/13706433020_150120/0","thumb_nail_2x":"http://inews.gtimg.com/newsapp_ls/0/13706433020_640330/0","top_big_img":["http://inews.gtimg.com/newsapp_ls/0/13706433020_485350/0","http://inews.gtimg.com/newsapp_ls/0/13706433021_485350/0","http://inews.gtimg.com/newsapp_ls/0/13706433024_485350/0"],"category_id":"2","category_name":"ent","category_cn":"娱乐","sub_category_id":"205","sub_category_name":"ent_dalu","sub_category_cn":"大陆明星","status":4,"tags":[{"tag_id":"3367322","tag_word":"马嘉祺","tag_score":"0.32497"},{"tag_id":"9090845","tag_word":"粉丝","tag_score":"0.30662"},{"tag_id":"2887418","tag_word":"清华大学","tag_score":"0.136287"},{"tag_id":"20016317","tag_word":"汪海林","tag_score":"0.131003"}],"media_id":"5864168","media_name":"纳兰泽","point":"3","article_type":0,"pool_name":"ent_pool","security_field":1,"article_id":"20210628A0DQ3R","source":"om","comment_id":"7044900664","comment_num":"0","create_time":"2021-06-28 23:34:56","update_time":"2021-06-28 23:34:56","publish_time":"2021-06-28 23:29:45","img_exp_type":"3","img":"http://inews.gtimg.com/newsapp_ls/0/13706433020_640330/0"},{"cms_id":"20210628A0DQNA00","title":"没看过这部剧，别说港剧已死","subtitle":"","url":"https://new.qq.com/omn/20210628/20210628A0DQNA00.html","thumb_nail":"http://inews.gtimg.com/newsapp_ls/0/13706430338_150120/0","thumb_nail_2x":"http://inews.gtimg.com/newsapp_ls/0/13706430338_640330/0","top_big_img":["http://inews.gtimg.com/newsapp_ls/0/13706430338_485350/0","http://inews.gtimg.com/newsapp_ls/0/13706430343_485350/0","http://inews.gtimg.com/newsapp_ls/0/13706430349_485350/0"],"category_id":"2","category_name":"ent","category_cn":"娱乐","sub_category_id":"201","sub_category_name":"ent_dianshiju","sub_category_cn":"电视剧","status":4,"tags":[{"tag_id":"7536602","tag_word":"港剧","tag_score":"0.25995"},{"tag_id":"21535080","tag_word":"叶劲峰","tag_score":"0.21479"},{"tag_id":"24373317","tag_word":"刑侦日记","tag_score":"0.191984"},{"tag_id":"1524645","tag_word":"朱玑","tag_score":"0.086195"}],"media_id":"5926499","media_name":"影评侠","point":"3","article_type":0,"pool_name":"ent_pool","security_field":1,"article_id":"20210628A0DQNA","source":"om","comment_id":"7044906347","comment_num":"0","create_time":"2021-06-28 23:33:38","update_time":"2021-06-28 23:33:38","publish_time":"2021-06-28 23:31:58","img_exp_type":"3","img":"http://inews.gtimg.com/newsapp_ls/0/13706430338_640330/0"},{"cms_id":"20210628A02V4300","title":"余震不断！马嘉祺粉丝翻700万旧账，公司连出严正声明","subtitle":"","url":"https://new.qq.com/omn/20210628/20210628A02V4300.html","thumb_nail":"http://inews.gtimg.com/newsapp_ls/0/13703475993_150120/0","thumb_nail_2x":"http://inews.gtimg.com/newsapp_ls/0/13703475993_640330/0","top_big_img":["http://inews.gtimg.com/newsapp_ls/0/13703475993_485350/0","http://inews.gtimg.com/newsapp_ls/0/13703475997_485350/0","http://inews.gtimg.com/newsapp_ls/0/13703475998_485350/0"],"category_id":"2","category_name":"ent","category_cn":"娱乐","sub_category_id":"205","sub_category_name":"ent_dalu","sub_category_cn":"大陆明星","status":4,"tags":[{"tag_id":"3367322","tag_word":"马嘉祺","tag_score":"0.334989"},{"tag_id":"9090845","tag_word":"粉丝","tag_score":"0.25313"},{"tag_id":"25710901","tag_word":"时代少年团","tag_score":"0.149989"},{"tag_id":"2344605","tag_word":"张真源","tag_score":"0.140963"},{"tag_id":"21961029","tag_word":"时代峰峻","tag_score":"0.061738"},{"tag_id":"3248357","tag_word":"丁程鑫","tag_score":"0.059191"}],"media_id":"5004093","media_name":"娱乐大爆炸","point":"3","article_type":0,"pool_name":"ent_pool","security_field":1,"article_id":"20210628A02V43","source":"om","comment_id":"7041797668","comment_num":"0","create_time":"2021-06-28 23:32:33","update_time":"2021-06-28 23:32:33","publish_time":"2021-06-28 10:56:15","img_exp_type":"3","img":"http://inews.gtimg.com/newsapp_ls/0/13703475993_640330/0"},{"cms_id":"20210628A0DPZB00","title":"陈亚男婚后迎首个生日，小伟蒙眼送媳妇惊喜，两人幸福相拥甜到齁","subtitle":"","url":"https://new.qq.com/omn/20210628/20210628A0DPZB00.html","thumb_nail":"http://inews.gtimg.com/newsapp_ls/0/13706423801_150120/0","thumb_nail_2x":"http://inews.gtimg.com/newsapp_ls/0/13706423801_640330/0","top_big_img":["http://inews.gtimg.com/newsapp_ls/0/13706423801_485350/0","http://inews.gtimg.com/newsapp_ls/0/13706423804_485350/0","http://inews.gtimg.com/newsapp_ls/0/13706423806_485350/0"],"category_id":"2","category_name":"ent","category_cn":"娱乐","sub_category_id":"207","sub_category_name":"ent_rihan","sub_category_cn":"日韩明星","status":4,"tags":[{"tag_id":"20102651","tag_word":"陈亚男","tag_score":"0.365757"},{"tag_id":"6137068","tag_word":"朱小伟","tag_score":"0.299369"},{"tag_id":"3382815","tag_word":"朱之文","tag_score":"0.20291"}],"media_id":"5461858","media_name":"娱珈歪歪娱","point":"3","article_type":0,"pool_name":"ent_pool","security_field":1,"article_id":"20210628A0DPZB","source":"om","comment_id":"7044899243","comment_num":"0","create_time":"2021-06-28 23:32:25","update_time":"2021-06-28 23:32:25","publish_time":"2021-06-28 23:29:11","img_exp_type":"3","img":"http://inews.gtimg.com/newsapp_ls/0/13706423801_640330/0"},{"cms_id":"20210628A0DPJR00","title":"知名相声艺人唐爱国久违露面，13岁从军师从姜昆，实力堪比郭德纲","subtitle":"","url":"https://new.qq.com/omn/20210628/20210628A0DPJR00.html","thumb_nail":"http://inews.gtimg.com/newsapp_ls/0/13706420229_150120/0","thumb_nail_2x":"http://inews.gtimg.com/newsapp_ls/0/13706420229_640330/0","top_big_img":["http://inews.gtimg.com/newsapp_ls/0/13706420229_485350/0","http://inews.gtimg.com/newsapp_ls/0/13706420231_485350/0","http://inews.gtimg.com/newsapp_ls/0/13706420232_485350/0"],"category_id":"2","category_name":"ent","category_cn":"娱乐","sub_category_id":"205","sub_category_name":"ent_dalu","sub_category_cn":"大陆明星","status":4,"tags":[{"tag_id":"9470682","tag_word":"唐爱国","tag_score":"0.302715"},{"tag_id":"8012373","tag_word":"相声","tag_score":"0.275513"},{"tag_id":"6169256","tag_word":"姜昆","tag_score":"0.152601"},{"tag_id":"227916","tag_word":"郭德纲","tag_score":"0.131401"},{"tag_id":"20456688","tag_word":"姜桂成","tag_score":"0.090746"},{"tag_id":"21065628","tag_word":"懒汉糖葫芦","tag_score":"0.047025"}],"media_id":"17918027","media_name":"裕丰娱间说","point":"3","article_type":0,"pool_name":"ent_pool","security_field":1,"article_id":"20210628A0DPJR","source":"om","comment_id":"7044895209","comment_num":"1","create_time":"2021-06-28 23:31:05","update_time":"2021-06-28 23:31:05","publish_time":"2021-06-28 23:27:30","img_exp_type":"3","img":"http://inews.gtimg.com/newsapp_ls/0/13706420229_640330/0"},{"cms_id":"20210628A0DOTX00","title":"豆瓣4.9分，看完《千古玦尘》优秀战绩，发现该剧果然被低估了","subtitle":"","url":"https://new.qq.com/omn/20210628/20210628A0DOTX00.html","thumb_nail":"http://inews.gtimg.com/newsapp_ls/0/13706413170_150120/0","thumb_nail_2x":"http://inews.gtimg.com/newsapp_ls/0/13706413170_640330/0","top_big_img":["http://inews.gtimg.com/newsapp_ls/0/13706413170_485350/0","http://inews.gtimg.com/newsapp_ls/0/13706413173_485350/0","http://inews.gtimg.com/newsapp_ls/0/13706413174_485350/0"],"category_id":"2","category_name":"ent","category_cn":"娱乐","sub_category_id":"201","sub_category_name":"ent_dianshiju","sub_category_cn":"电视剧","status":4,"tags":[{"tag_id":"26829122","tag_word":"千古玦尘","tag_score":"0.30358"},{"tag_id":"8002201","tag_word":"豆瓣","tag_score":"0.240165"},{"tag_id":"7408565","tag_word":"周冬雨","tag_score":"0.183836"},{"tag_id":"1115895","tag_word":"许凯","tag_score":"0.100948"}],"media_id":"11221776","media_name":"桔子互娱","point":"3","article_type":0,"pool_name":"ent_pool","security_field":1,"article_id":"20210628A0DOTX","source":"om","comment_id":"7044888686","comment_num":"0","create_time":"2021-06-28 23:26:28","update_time":"2021-06-28 23:26:28","publish_time":"2021-06-28 23:25:00","img_exp_type":"3","img":"http://inews.gtimg.com/newsapp_ls/0/13706413170_640330/0"},{"cms_id":"20210628A0CJCK00","title":"赵丽颖吴磊为土豆涂鸦，何炅耿直吐槽：你画得好丑，赵丽颖变脸太快","subtitle":"","url":"https://new.qq.com/omn/20210628/20210628A0CJCK00.html","thumb_nail":"http://inews.gtimg.com/newsapp_ls/0/13706064619_150120/0","thumb_nail_2x":"http://inews.gtimg.com/newsapp_ls/0/13706064619_640330/0","top_big_img":["http://inews.gtimg.com/newsapp_ls/0/13706064619_485350/0","http://inews.gtimg.com/newsapp_ls/0/13706064623_485350/0","http://inews.gtimg.com/newsapp_ls/0/13706064625_485350/0"],"category_id":"2","category_name":"ent","category_cn":"娱乐","sub_category_id":"205","sub_category_name":"ent_dalu","sub_category_cn":"大陆明星","status":4,"tags":[{"tag_id":"1560555","tag_word":"赵丽颖","tag_score":"0.30665"},{"tag_id":"4021786","tag_word":"吴磊","tag_score":"0.245207"},{"tag_id":"3446715","tag_word":"何炅","tag_score":"0.220945"},{"tag_id":"3323504","tag_word":"拜托了冰箱","tag_score":"0.095786"}],"media_id":"5485084","media_name":"添福娱乐","point":"2","article_type":0,"pool_name":"ent_pool","security_field":1,"article_id":"20210628A0CJCK","source":"om","comment_id":"7044506494","comment_num":"0","create_time":"2021-06-28 23:22:47","update_time":"2021-06-28 23:22:47","publish_time":"2021-06-28 21:28:11","img_exp_type":"3","img":"http://inews.gtimg.com/newsapp_ls/0/13706064619_640330/0"},{"cms_id":"20210628A0DMP600","title":"从爆红到消失，实力歌手萨顶顶，怎么就沦落到被金星、丁太升怒怼","subtitle":"","url":"https://new.qq.com/omn/20210628/20210628A0DMP600.html","thumb_nail":"http://inews.gtimg.com/newsapp_ls/0/13706395269_150120/0","thumb_nail_2x":"http://inews.gtimg.com/newsapp_ls/0/13706395269_640330/0","top_big_img":["http://inews.gtimg.com/newsapp_ls/0/13706395269_485350/0","http://inews.gtimg.com/newsapp_ls/0/13706395270_485350/0","http://inews.gtimg.com/newsapp_ls/0/13706395274_485350/0"],"category_id":"2","category_name":"ent","category_cn":"娱乐","sub_category_id":"203","sub_category_name":"ent_zongyi","sub_category_cn":"综艺","status":4,"tags":[{"tag_id":"6053598","tag_word":"萨顶顶","tag_score":"0.34312"},{"tag_id":"2650175","tag_word":"金星","tag_score":"0.226833"},{"tag_id":"20187854","tag_word":"丁太升","tag_score":"0.194312"},{"tag_id":"4496038","tag_word":"歌手","tag_score":"0.194152"}],"media_id":"7900389","media_name":"硕任谈娱乐","point":"2","article_type":0,"pool_name":"ent_pool","security_field":1,"article_id":"20210628A0DMP6","source":"om","comment_id":"7044862400","comment_num":"0","create_time":"2021-06-28 23:18:48","update_time":"2021-06-28 23:18:48","publish_time":"2021-06-28 23:16:28","img_exp_type":"3","img":"http://inews.gtimg.com/newsapp_ls/0/13706395269_640330/0"},{"cms_id":"20210628A05KD100","title":"《千古玦尘》景昭成清穆救命恩人？为取出龙丹还景昭，清穆硬扛九天玄雷","subtitle":"","url":"https://new.qq.com/omn/20210628/20210628A05KD100.html","thumb_nail":"http://inews.gtimg.com/newsapp_ls/0/13704202216_150120/0","thumb_nail_2x":"http://inews.gtimg.com/newsapp_ls/0/13704202216_640330/0","top_big_img":["http://inews.gtimg.com/newsapp_ls/0/13704202216_485350/0","http://inews.gtimg.com/newsapp_ls/0/13704202221_485350/0","http://inews.gtimg.com/newsapp_ls/0/13704202228_485350/0"],"category_id":"2","category_name":"ent","category_cn":"娱乐","sub_category_id":"205","sub_category_name":"ent_dalu","sub_category_cn":"大陆明星","status":4,"tags":[{"tag_id":"22196891","tag_word":"景昭","tag_score":"0.209513"},{"tag_id":"25294051","tag_word":"清穆","tag_score":"0.196102"},{"tag_id":"26829122","tag_word":"千古玦尘","tag_score":"0.180828"},{"tag_id":"21912167","tag_word":"后池","tag_score":"0.145945"},{"tag_id":"20218048","tag_word":"龙丹","tag_score":"0.134326"},{"tag_id":"26551113","tag_word":"成清","tag_score":"0.070219"},{"tag_id":"23765098","tag_word":"古君","tag_score":"0.063067"}],"media_id":"8233338","media_name":"天下论武小达人","point":"3","article_type":0,"pool_name":"ent_pool","security_field":1,"article_id":"20210628A05KD1","source":"om","comment_id":"7042618471","comment_num":"0","create_time":"2021-06-28 23:18:17","update_time":"2021-06-28 23:18:17","publish_time":"2021-06-28 14:21:04","img_exp_type":"3","img":"http://inews.gtimg.com/newsapp_ls/0/13704202216_640330/0"},{"cms_id":"20210628A0DLDX00","title":"姜云升和鞠婧祎合作，继弹壳和范丞丞之后，说唱圈次元壁又破了","subtitle":"","url":"https://new.qq.com/omn/20210628/20210628A0DLDX00.html","thumb_nail":"http://inews.gtimg.com/newsapp_ls/0/13706381824_150120/0","thumb_nail_2x":"http://inews.gtimg.com/newsapp_ls/0/13706381824_640330/0","top_big_img":["http://inews.gtimg.com/newsapp_ls/0/13706381824_485350/0","http://inews.gtimg.com/newsapp_ls/0/13706381829_485350/0","http://inews.gtimg.com/newsapp_ls/0/13706381833_485350/0"],"category_id":"2","category_name":"ent","category_cn":"娱乐","sub_category_id":"203","sub_category_name":"ent_zongyi","sub_category_cn":"综艺","status":4,"tags":[{"tag_id":"20031678","tag_word":"姜云升","tag_score":"0.254574"},{"tag_id":"4071555","tag_word":"鞠婧祎","tag_score":"0.235841"},{"tag_id":"4733797","tag_word":"说唱","tag_score":"0.156257"},{"tag_id":"9450604","tag_word":"范丞丞","tag_score":"0.138382"},{"tag_id":"30344783","tag_word":"说唱新世代","tag_score":"0.091506"}],"media_id":"16710428","media_name":"音乐汪","point":"3","article_type":0,"pool_name":"ent_pool","security_field":1,"article_id":"20210628A0DLDX","source":"om","comment_id":"7044846847","comment_num":"0","create_time":"2021-06-28 23:17:25","update_time":"2021-06-28 23:17:25","publish_time":"2021-06-28 23:11:31","img_exp_type":"3","img":"http://inews.gtimg.com/newsapp_ls/0/13706381824_640330/0"},{"cms_id":"20210628A0CE8O00","title":"肖战代言花絮更新，深情对视、噘嘴偷笑，“八倍镜少女”发现细节","subtitle":"","url":"https://new.qq.com/omn/20210628/20210628A0CE8O00.html","thumb_nail":"http://inews.gtimg.com/newsapp_ls/0/13706022792_150120/0","thumb_nail_2x":"http://inews.gtimg.com/newsapp_ls/0/13706022792_640330/0","top_big_img":["http://inews.gtimg.com/newsapp_ls/0/13706022792_485350/0","http://inews.gtimg.com/newsapp_ls/0/13706022793_485350/0","http://inews.gtimg.com/newsapp_ls/0/13706022796_485350/0"],"category_id":"2","category_name":"ent","category_cn":"娱乐","sub_category_id":"207","sub_category_name":"ent_rihan","sub_category_cn":"日韩明星","status":4,"tags":[{"tag_id":"3527854","tag_word":"肖战","tag_score":"0.474352"},{"tag_id":"3239407","tag_word":"花絮","tag_score":"0.323127"},{"tag_id":"9090845","tag_word":"粉丝","tag_score":"0.147881"}],"media_id":"16827253","media_name":"九八娱乐呀","point":"3","article_type":0,"pool_name":"ent_pool","security_field":1,"article_id":"20210628A0CE8O","source":"om","comment_id":"7044463541","comment_num":"3","create_time":"2021-06-28 23:13:12","update_time":"2021-06-28 23:13:12","publish_time":"2021-06-28 21:15:06","img_exp_type":"3","img":"http://inews.gtimg.com/newsapp_ls/0/13706022792_640330/0"},{"cms_id":"20210628A0CDK600","title":"威廉哈里4年背对背越走越远，这也许是最后一次走在一起……","subtitle":"","url":"https://new.qq.com/omn/20210628/20210628A0CDK600.html","thumb_nail":"http://inews.gtimg.com/newsapp_ls/0/13706021645_150120/0","thumb_nail_2x":"http://inews.gtimg.com/newsapp_ls/0/13706021645_640330/0","top_big_img":["http://inews.gtimg.com/newsapp_ls/0/13706021645_485350/0","http://inews.gtimg.com/newsapp_ls/0/13706021643_485350/0","http://inews.gtimg.com/newsapp_ls/0/13706021644_485350/0"],"category_id":"2","category_name":"ent","category_cn":"娱乐","sub_category_id":"207","sub_category_name":"ent_rihan","sub_category_cn":"日韩明星","status":4,"tags":[{"tag_id":"21717083","tag_word":"威廉哈里","tag_score":"0.275792"},{"tag_id":"2637436","tag_word":"戴安娜王妃","tag_score":"0.238832"},{"tag_id":"1019867","tag_word":"哈里王子","tag_score":"0.197956"},{"tag_id":"4147997","tag_word":"梅根·马克尔","tag_score":"0.142049"},{"tag_id":"9585922","tag_word":"威廉王子","tag_score":"0.086689"},{"tag_id":"5808295","tag_word":"凯特","tag_score":"0.052693"},{"tag_id":"1074812","tag_word":"王子","tag_score":"0.00599"}],"media_id":"5591589","media_name":"峰岭","point":"3","article_type":0,"pool_name":"ent_pool","security_field":1,"article_id":"20210628A0CDK6","source":"om","comment_id":"7044456329","comment_num":"0","create_time":"2021-06-28 23:12:53","update_time":"2021-06-28 23:12:53","publish_time":"2021-06-28 21:11:01","img_exp_type":"3","img":"http://inews.gtimg.com/newsapp_ls/0/13706021645_640330/0"},{"cms_id":"20210628A02NXQ00","title":"健硕保镖一路撑伞，baby穿拖鞋参加活动，照样走出女神范儿","subtitle":"","url":"https://new.qq.com/omn/20210628/20210628A02NXQ00.html","thumb_nail":"http://inews.gtimg.com/newsapp_ls/0/13703316909_150120/0","thumb_nail_2x":"http://inews.gtimg.com/newsapp_ls/0/13703316909_640330/0","top_big_img":["http://inews.gtimg.com/newsapp_ls/0/13703316909_485350/0","http://inews.gtimg.com/newsapp_ls/0/13703316910_485350/0","http://inews.gtimg.com/newsapp_ls/0/13703316912_485350/0"],"category_id":"2","category_name":"ent","category_cn":"娱乐","sub_category_id":"205","sub_category_name":"ent_dalu","sub_category_cn":"大陆明星","status":4,"tags":[{"tag_id":"9604182","tag_word":"baby","tag_score":"0.511526"}],"media_id":"5179952","media_name":"新金牌娱乐观察家","point":"3","article_type":0,"pool_name":"ent_pool","security_field":1,"article_id":"20210628A02NXQ","source":"om","comment_id":"7041737582","comment_num":"0","create_time":"2021-06-28 23:12:40","update_time":"2021-06-28 23:12:40","publish_time":"2021-06-28 10:14:02","img_exp_type":"3","img":"http://inews.gtimg.com/newsapp_ls/0/13703316909_640330/0"},{"cms_id":"20210628A0C1T100","title":"杨紫张艺兴穿同款睡衣，巧合太多，营销号成功“拉郎”？","subtitle":"","url":"https://new.qq.com/omn/20210628/20210628A0C1T100.html","thumb_nail":"http://inews.gtimg.com/newsapp_ls/0/13705947965_150120/0","thumb_nail_2x":"http://inews.gtimg.com/newsapp_ls/0/13705947965_640330/0","top_big_img":[],"category_id":"2","category_name":"ent","category_cn":"娱乐","sub_category_id":"205","sub_category_name":"ent_dalu","sub_category_cn":"大陆明星","status":4,"tags":[{"tag_id":"4428231","tag_word":"张艺兴","tag_score":"0.385843"},{"tag_id":"5163468","tag_word":"杨紫","tag_score":"0.360073"},{"tag_id":"6445862","tag_word":"向往的生活","tag_score":"0.074558"}],"media_id":"19703693","media_name":"大帽险0316","point":"3","article_type":0,"pool_name":"ent_pool","security_field":1,"article_id":"20210628A0C1T1","source":"om","comment_id":"7044355657","comment_num":"0","create_time":"2021-06-28 23:12:37","update_time":"2021-06-28 23:12:37","publish_time":"2021-06-28 20:52:53","img_exp_type":"1","img":"http://inews.gtimg.com/newsapp_ls/0/13705947965_640330/0"},{"cms_id":"20210628A0DIKK00","title":"真学霸苏有朋的励志人生：曾被嘲学习差，高考遭媒体怼脸拍","subtitle":"","url":"https://new.qq.com/omn/20210628/20210628A0DIKK00.html","thumb_nail":"http://inews.gtimg.com/newsapp_ls/0/13706376228_150120/0","thumb_nail_2x":"http://inews.gtimg.com/newsapp_ls/0/13706376228_640330/0","top_big_img":["http://inews.gtimg.com/newsapp_ls/0/13706376228_485350/0","http://inews.gtimg.com/newsapp_ls/0/13706376230_485350/0","http://inews.gtimg.com/newsapp_ls/0/13706376232_485350/0"],"category_id":"2","category_name":"ent","category_cn":"娱乐","sub_category_id":"206","sub_category_name":"ent_gangtai","sub_category_cn":"港台明星","status":4,"tags":[{"tag_id":"2642581","tag_word":"苏有朋","tag_score":"0.38446"},{"tag_id":"2635052","tag_word":"小虎队","tag_score":"0.115117"}],"media_id":"17087806","media_name":"钱小刀","point":"3","article_type":0,"pool_name":"ent_pool","security_field":1,"article_id":"20210628A0DIKK","source":"om","comment_id":"7044815298","comment_num":"0","create_time":"2021-06-28 23:11:05","update_time":"2021-06-28 23:11:05","publish_time":"2021-06-28 23:02:16","img_exp_type":"3","img":"http://inews.gtimg.com/newsapp_ls/0/13706376228_640330/0"},{"cms_id":"20210628A0CI0F00","title":"孤注一掷弃医从艺，从被嘲笑“娘”到顶流歌手，周深与他的贵人们","subtitle":"","url":"https://new.qq.com/omn/20210628/20210628A0CI0F00.html","thumb_nail":"http://inews.gtimg.com/newsapp_ls/0/13706055056_150120/0","thumb_nail_2x":"http://inews.gtimg.com/newsapp_ls/0/13706055056_640330/0","top_big_img":["http://inews.gtimg.com/newsapp_ls/0/13706055056_485350/0","http://inews.gtimg.com/newsapp_ls/0/13706055060_485350/0","http://inews.gtimg.com/newsapp_ls/0/13706055063_485350/0"],"category_id":"2","category_name":"ent","category_cn":"娱乐","sub_category_id":"203","sub_category_name":"ent_zongyi","sub_category_cn":"综艺","status":4,"tags":[{"tag_id":"6308603","tag_word":"周深","tag_score":"0.382084"},{"tag_id":"4496038","tag_word":"歌手","tag_score":"0.244085"},{"tag_id":"7921685","tag_word":"高晓松","tag_score":"0.157126"},{"tag_id":"6712743","tag_word":"那英","tag_score":"0.127582"},{"tag_id":"2425042","tag_word":"大鱼海棠","tag_score":"0.042717"}],"media_id":"18431779","media_name":"特叔说娱乐","point":"2","article_type":0,"pool_name":"ent_pool","security_field":1,"article_id":"20210628A0CI0F","source":"om","comment_id":"7044496291","comment_num":"0","create_time":"2021-06-28 23:08:37","update_time":"2021-06-28 23:08:37","publish_time":"2021-06-28 21:25:01","img_exp_type":"3","img":"http://inews.gtimg.com/newsapp_ls/0/13706055056_640330/0"}]}}