{"ret":0,"msg":"success","data":{"list":[{"cms_id":"20210628A0DJP400","title":"和王栎鑫离婚后变女强人？吴雅婷上海新店开业，现场装修高大上","subtitle":"","url":"https://new.qq.com/omn/20210628/20210628A0DJP400.html","thumb_nail":"http://inews.gtimg.com/newsapp_ls/0/13706366208_150120/0","thumb_nail_2x":"http://inews.gtimg.com/newsapp_ls/0/13706366208_640330/0","top_big_img":["http://inews.gtimg.com/newsapp_ls/0/13706366208_485350/0","http://inews.gtimg.com/newsapp_ls/0/13706366212_485350/0","http://inews.gtimg.com/newsapp_ls/0/13706366215_485350/0"],"category_id":"2","category_name":"ent","category_cn":"娱乐","sub_category_id":"205","sub_category_name":"ent_dalu","sub_category_cn":"大陆明星","status":4,"tags":[{"tag_id":"2865252","tag_word":"吴雅婷","tag_score":"0.367061"},{"tag_id":"5280711","tag_word":"王栎鑫","tag_score":"0.312281"},{"tag_id":"8239838","tag_word":"离婚","tag_score":"0.241404"}],"media_id":"5046250","media_name":"方舟先生","point":"3","article_type":0,"pool_name":"ent_pool","security_field":1,"article_id":"20210628A0DJP4","source":"om","comment_id":"7044827069","comment_num":"0","create_time":"2021-06-28 23:07:33","update_time":"2021-06-28 23:07:33","publish_time":"2021-06-28 23:05:33","img_exp_type":"3","img":"http://inews.gtimg.com/newsapp_ls/0/13706366208_640330/0"},{"cms_id":"20210628A0DIR800","title":"陈瑶梁靖康被疑因戏生情，在剧组旁若无人牵手，女方2月前另有绯闻","subtitle":"","url":"https://new.qq.com/omn/20210628/20210628A0DIR800.html","thumb_nail":"http://inews.gtimg.com/newsapp_ls/0/13706359702_150120/0","thumb_nail_2x":"http://inews.gtimg.com/newsapp_ls/0/13706359702_640330/0","top_big_img":["http://inews.gtimg.com/newsapp_ls/0/13706359702_485350/0","http://inews.gtimg.com/newsapp_ls/0/13706359707_485350/0","http://inews.gtimg.com/newsapp_ls/0/13706359710_485350/0"],"category_id":"2","category_name":"ent","category_cn":"娱乐","sub_category_id":"205","sub_category_name":"ent_dalu","sub_category_cn":"大陆明星","status":4,"tags":[{"tag_id":"8932737","tag_word":"陈瑶","tag_score":"0.337747"},{"tag_id":"2566704","tag_word":"梁靖康","tag_score":"0.314356"},{"tag_id":"1161941","tag_word":"绯闻","tag_score":"0.133002"},{"tag_id":"2671434","tag_word":"韩东君","tag_score":"0.124038"}],"media_id":"5508885","media_name":"盖饭娱乐","point":"3","article_type":0,"pool_name":"ent_pool","security_field":1,"article_id":"20210628A0DIR8","source":"om","comment_id":"7044817608","comment_num":"0","create_time":"2021-06-28 23:04:56","update_time":"2021-06-28 23:04:56","publish_time":"2021-06-28 23:02:49","img_exp_type":"3","img":"http://inews.gtimg.com/newsapp_ls/0/13706359702_640330/0"},{"cms_id":"20210628A0C22700","title":"“王思聪”现身婚礼，穿着红色上衣显喜庆，那座驾也是那台红色劳斯莱斯？","subtitle":"","url":"https://new.qq.com/omn/20210628/20210628A0C22700.html","thumb_nail":"http://inews.gtimg.com/newsapp_ls/0/13705934045_150120/0","thumb_nail_2x":"http://inews.gtimg.com/newsapp_ls/0/13705934045_640330/0","top_big_img":[],"category_id":"2","category_name":"ent","category_cn":"娱乐","sub_category_id":"207","sub_category_name":"ent_rihan","sub_category_cn":"日韩明星","status":4,"tags":[{"tag_id":"7062729","tag_word":"王思聪","tag_score":"0.342203"},{"tag_id":"8364090","tag_word":"劳斯莱斯","tag_score":"0.289744"}],"media_id":"5772083","media_name":"车与鱼","point":"3","article_type":0,"pool_name":"ent_pool","security_field":1,"article_id":"20210628A0C227","source":"om","comment_id":"7044357721","comment_num":"0","create_time":"2021-06-28 23:04:34","update_time":"2021-06-28 23:04:34","publish_time":"2021-06-28 20:49:19","img_exp_type":"1","img":"http://inews.gtimg.com/newsapp_ls/0/13705934045_640330/0"},{"cms_id":"20210628A0DG0Q00","title":"丁程鑫新电影杀青，发文晒与尔冬升合照，似解释高考未报喜并非因马嘉祺","subtitle":"","url":"https://new.qq.com/omn/20210628/20210628A0DG0Q00.html","thumb_nail":"http://inews.gtimg.com/newsapp_ls/0/13706357622_150120/0","thumb_nail_2x":"http://inews.gtimg.com/newsapp_ls/0/13706357622_640330/0","top_big_img":["http://inews.gtimg.com/newsapp_ls/0/13706357622_485350/0","http://inews.gtimg.com/newsapp_ls/0/13706357624_485350/0","http://inews.gtimg.com/newsapp_ls/0/13706357627_485350/0"],"category_id":"2","category_name":"ent","category_cn":"娱乐","sub_category_id":"206","sub_category_name":"ent_gangtai","sub_category_cn":"港台明星","status":4,"tags":[{"tag_id":"3248357","tag_word":"丁程鑫","tag_score":"0.247389"},{"tag_id":"7786757","tag_word":"尔冬升","tag_score":"0.231692"},{"tag_id":"3367322","tag_word":"马嘉祺","tag_score":"0.162472"},{"tag_id":"21961029","tag_word":"时代峰峻","tag_score":"0.093571"},{"tag_id":"25710901","tag_word":"时代少年团","tag_score":"0.070777"}],"media_id":"5360360","media_name":"娱乐村长","point":"3","article_type":0,"pool_name":"ent_pool","security_field":1,"article_id":"20210628A0DG0Q","source":"om","comment_id":"7044785882","comment_num":"0","create_time":"2021-06-28 23:04:16","update_time":"2021-06-28 23:04:16","publish_time":"2021-06-28 23:02:34","img_exp_type":"3","img":"http://inews.gtimg.com/newsapp_ls/0/13706357622_640330/0"},{"cms_id":"20210628A0AGVR00","title":"承认自己是中国人这么难吗？网红国外走红后，被质疑模糊国籍","subtitle":"","url":"https://new.qq.com/omn/20210628/20210628A0AGVR00.html","thumb_nail":"http://inews.gtimg.com/newsapp_ls/0/13705545948_150120/0","thumb_nail_2x":"http://inews.gtimg.com/newsapp_ls/0/13705545948_640330/0","top_big_img":["http://inews.gtimg.com/newsapp_ls/0/13705545948_485350/0","http://inews.gtimg.com/newsapp_ls/0/13705545957_485350/0","http://inews.gtimg.com/newsapp_ls/0/13705545958_485350/0"],"category_id":"2","category_name":"ent","category_cn":"娱乐","sub_category_id":"205","sub_category_name":"ent_dalu","sub_category_cn":"大陆明星","status":4,"tags":[{"tag_id":"20726178","tag_word":"楚淇","tag_score":"0.344828"},{"tag_id":"3979746","tag_word":"网红","tag_score":"0.326338"}],"media_id":"5335066","media_name":"片儿","point":"3","article_type":0,"pool_name":"ent_pool","security_field":1,"article_id":"20210628A0AGVR","source":"om","comment_id":"7043872984","comment_num":"0","create_time":"2021-06-28 23:02:49","update_time":"2021-06-28 23:02:49","publish_time":"2021-06-28 19:07:30","img_exp_type":"3","img":"http://inews.gtimg.com/newsapp_ls/0/13705545948_640330/0"},{"cms_id":"20210628A0DD9M00","title":"点映破七千万，年度超强演员阵容，这样的《1921》你想看吗？","subtitle":"","url":"https://new.qq.com/omn/20210628/20210628A0DD9M00.html","thumb_nail":"http://inews.gtimg.com/newsapp_ls/0/13706349828_150120/0","thumb_nail_2x":"http://inews.gtimg.com/newsapp_ls/0/13706349828_640330/0","top_big_img":["http://inews.gtimg.com/newsapp_ls/0/13706349828_485350/0","http://inews.gtimg.com/newsapp_ls/0/13706349833_485350/0","http://inews.gtimg.com/newsapp_ls/0/13706349835_485350/0"],"category_id":"2","category_name":"ent","category_cn":"娱乐","sub_category_id":"201","sub_category_name":"ent_dianshiju","sub_category_cn":"电视剧","status":4,"tags":[{"tag_id":"27499059","tag_word":"1921","tag_score":"0.179028"},{"tag_id":"8675952","tag_word":"王俊凯","tag_score":"0.122838"},{"tag_id":"570935","tag_word":"陈坤","tag_score":"0.11217"},{"tag_id":"5859440","tag_word":"倪妮","tag_score":"0.086157"},{"tag_id":"9671148","tag_word":"李晨","tag_score":"0.080347"},{"tag_id":"4481919","tag_word":"张颂文","tag_score":"0.07894"},{"tag_id":"6678516","tag_word":"李大钊","tag_score":"0.075655"},{"tag_id":"7839521","tag_word":"陈独秀","tag_score":"0.075284"},{"tag_id":"27237186","tag_word":"毛教员","tag_score":"0.05209"},{"tag_id":"8524985","tag_word":"倪大红","tag_score":"0.022709"}],"media_id":"17338800","media_name":"光影于我","point":"3","article_type":0,"pool_name":"ent_pool","security_field":1,"article_id":"20210628A0DD9M","source":"om","comment_id":"7044756802","comment_num":"0","create_time":"2021-06-28 23:01:52","update_time":"2021-06-28 23:01:52","publish_time":"2021-06-28 22:51:11","img_exp_type":"3","img":"http://inews.gtimg.com/newsapp_ls/0/13706349828_640330/0"},{"cms_id":"20210628A0DHJU00","title":"马蓉直播带货首秀被骂惨，只开播21分钟就跑了，一件货都没卖出去","subtitle":"","url":"https://new.qq.com/omn/20210628/20210628A0DHJU00.html","thumb_nail":"http://inews.gtimg.com/newsapp_ls/0/13706346107_150120/0","thumb_nail_2x":"http://inews.gtimg.com/newsapp_ls/0/13706346107_640330/0","top_big_img":["http://inews.gtimg.com/newsapp_ls/0/13706346107_485350/0","http://inews.gtimg.com/newsapp_ls/0/13706346108_485350/0","http://inews.gtimg.com/newsapp_ls/0/13706346111_485350/0"],"category_id":"2","category_name":"ent","category_cn":"娱乐","sub_category_id":"205","sub_category_name":"ent_dalu","sub_category_cn":"大陆明星","status":4,"tags":[{"tag_id":"1178891","tag_word":"马蓉","tag_score":"0.313658"},{"tag_id":"24239070","tag_word":"直播带货","tag_score":"0.26414"},{"tag_id":"8800598","tag_word":"王宝强","tag_score":"0.1711"},{"tag_id":"2269506","tag_word":"李小璐","tag_score":"0.088609"}],"media_id":"5172840","media_name":"念寒娱评","point":"3","article_type":0,"pool_name":"ent_pool","security_field":1,"article_id":"20210628A0DHJU","source":"om","comment_id":"7044803700","comment_num":"0","create_time":"2021-06-28 23:00:42","update_time":"2021-06-28 23:00:42","publish_time":"2021-06-28 22:58:52","img_exp_type":"3","img":"http://inews.gtimg.com/newsapp_ls/0/13706346107_640330/0"},{"cms_id":"20210628A0DHDS00","title":"“军人专业户”郑昊痛诉中年不易，只能躺椅子休息，获王丽云鼓励","subtitle":"","url":"https://new.qq.com/omn/20210628/20210628A0DHDS00.html","thumb_nail":"http://inews.gtimg.com/newsapp_ls/0/13706343949_150120/0","thumb_nail_2x":"http://inews.gtimg.com/newsapp_ls/0/13706343949_640330/0","top_big_img":["http://inews.gtimg.com/newsapp_ls/0/13706343949_485350/0","http://inews.gtimg.com/newsapp_ls/0/13706343951_485350/0","http://inews.gtimg.com/newsapp_ls/0/13706343955_485350/0"],"category_id":"2","category_name":"ent","category_cn":"娱乐","sub_category_id":"205","sub_category_name":"ent_dalu","sub_category_cn":"大陆明星","status":4,"tags":[{"tag_id":"4449051","tag_word":"郑昊","tag_score":"0.443042"},{"tag_id":"4146810","tag_word":"王丽云","tag_score":"0.28901"}],"media_id":"5553096","media_name":"猫眼娱乐","point":"3","article_type":0,"pool_name":"ent_pool","security_field":1,"article_id":"20210628A0DHDS","source":"om","comment_id":"7044801429","comment_num":"0","create_time":"2021-06-28 22:59:41","update_time":"2021-06-28 22:59:41","publish_time":"2021-06-28 22:58:09","img_exp_type":"3","img":"http://inews.gtimg.com/newsapp_ls/0/13706343949_640330/0"},{"cms_id":"20210628A0DFQ700","title":"曾被郭敬明宠上天，与杨幂多次演情侣，7年“友谊”终是不敌资本野心","subtitle":"","url":"https://new.qq.com/omn/20210628/20210628A0DFQ700.html","thumb_nail":"http://inews.gtimg.com/newsapp_ls/0/13706329613_150120/0","thumb_nail_2x":"http://inews.gtimg.com/newsapp_ls/0/13706329613_640330/0","top_big_img":["http://inews.gtimg.com/newsapp_ls/0/13706329613_485350/0","http://inews.gtimg.com/newsapp_ls/0/13706329612_485350/0","http://inews.gtimg.com/newsapp_ls/0/13706329611_485350/0"],"category_id":"2","category_name":"ent","category_cn":"娱乐","sub_category_id":"205","sub_category_name":"ent_dalu","sub_category_cn":"大陆明星","status":4,"tags":[{"tag_id":"1340509","tag_word":"杨幂","tag_score":"0.282674"},{"tag_id":"6662137","tag_word":"郭敬明","tag_score":"0.275039"},{"tag_id":"8129415","tag_word":"陈学冬","tag_score":"0.264091"},{"tag_id":"82178","tag_word":"周崇光","tag_score":"0.067189"},{"tag_id":"2524039","tag_word":"小时代","tag_score":"0.052732"}],"media_id":"10379465","media_name":"盖饭人物ThePeople","point":"3","article_type":0,"pool_name":"ent_pool","security_field":1,"article_id":"20210628A0DFQ7","source":"om","comment_id":"7044782637","comment_num":"0","create_time":"2021-06-28 22:54:49","update_time":"2021-06-28 22:54:49","publish_time":"2021-06-28 22:52:28","img_exp_type":"3","img":"http://inews.gtimg.com/newsapp_ls/0/13706329613_640330/0"},{"cms_id":"20210628A08G4K00","title":"今年意外爆红的6部剧，每部都值得熬夜刷","subtitle":"","url":"https://new.qq.com/omn/20210628/20210628A08G4K00.html","thumb_nail":"http://inews.gtimg.com/newsapp_ls/0/13704996937_150120/0","thumb_nail_2x":"http://inews.gtimg.com/newsapp_ls/0/13704996937_640330/0","top_big_img":["http://inews.gtimg.com/newsapp_ls/0/13704996937_485350/0","http://inews.gtimg.com/newsapp_ls/0/13704996939_485350/0","http://inews.gtimg.com/newsapp_ls/0/13704996943_485350/0"],"category_id":"2","category_name":"ent","category_cn":"娱乐","sub_category_id":"201","sub_category_name":"ent_dianshiju","sub_category_cn":"电视剧","status":4,"tags":[{"tag_id":"9313414","tag_word":"颜值","tag_score":"0.116612"},{"tag_id":"5554322","tag_word":"司藤","tag_score":"0.07951"},{"tag_id":"4522590","tag_word":"导演","tag_score":"0.053013"},{"tag_id":"23222942","tag_word":"你是我的城池营垒","tag_score":"0.053013"},{"tag_id":"60238401","tag_word":"山河令","tag_score":"0.053013"},{"tag_id":"24941164","tag_word":"御赐小仵作","tag_score":"0.053013"},{"tag_id":"1788020","tag_word":"斗罗大陆","tag_score":"0.053013"},{"tag_id":"9977328","tag_word":"长歌行","tag_score":"0.053013"},{"tag_id":"7108368","tag_word":"斗破苍穹","tag_score":"0.046449"},{"tag_id":"26182609","tag_word":"乐嫣","tag_score":"0.029429"}],"media_id":"6051895","media_name":"神小扣","point":"3","article_type":0,"pool_name":"ent_pool","security_field":1,"article_id":"20210628A08G4K","source":"om","comment_id":"7043385255","comment_num":"0","create_time":"2021-06-28 22:54:19","update_time":"2021-06-28 22:54:19","publish_time":"2021-06-28 17:23:38","img_exp_type":"3","img":"http://inews.gtimg.com/newsapp_ls/0/13704996937_640330/0"},{"cms_id":"20210628A0BFT700","title":"没等到《大江大河3》，王凯却带着这部大剧杀来了，女主是你们的女神","subtitle":"","url":"https://new.qq.com/omn/20210628/20210628A0BFT700.html","thumb_nail":"http://inews.gtimg.com/newsapp_ls/0/13705764839_150120/0","thumb_nail_2x":"http://inews.gtimg.com/newsapp_ls/0/13705764839_640330/0","top_big_img":["http://inews.gtimg.com/newsapp_ls/0/13705764839_485350/0","http://inews.gtimg.com/newsapp_ls/0/13705764843_485350/0","http://inews.gtimg.com/newsapp_ls/0/13705764844_485350/0"],"category_id":"2","category_name":"ent","category_cn":"娱乐","sub_category_id":"201","sub_category_name":"ent_dianshiju","sub_category_cn":"电视剧","status":4,"tags":[{"tag_id":"4137754","tag_word":"王凯","tag_score":"0.326087"},{"tag_id":"25634936","tag_word":"大江大河3","tag_score":"0.240582"},{"tag_id":"25899075","tag_word":"向风而行","tag_score":"0.234997"},{"tag_id":"180656","tag_word":"大江大河","tag_score":"0.120291"},{"tag_id":"9354218","tag_word":"谭松韵","tag_score":"0.066388"},{"tag_id":"31897810","tag_word":"倪湛","tag_score":"0.056512"}],"media_id":"17288103","media_name":"娱乐圈十三太保","point":"3","article_type":0,"pool_name":"ent_pool","security_field":1,"article_id":"20210628A0BFT7","source":"om","comment_id":"7044162742","comment_num":"0","create_time":"2021-06-28 22:53:02","update_time":"2021-06-28 22:53:02","publish_time":"2021-06-28 20:05:08","img_exp_type":"3","img":"http://inews.gtimg.com/newsapp_ls/0/13705764839_640330/0"},{"cms_id":"20210628A0DDXF00","title":"吴绮莉突然发文控诉“儿媳妇”andi，心痛女儿吴卓林被利用","subtitle":"","url":"https://new.qq.com/omn/20210628/20210628A0DDXF00.html","thumb_nail":"http://inews.gtimg.com/newsapp_ls/0/13706320804_150120/0","thumb_nail_2x":"http://inews.gtimg.com/newsapp_ls/0/13706320804_640330/0","top_big_img":["http://inews.gtimg.com/newsapp_ls/0/13706320804_485350/0","http://inews.gtimg.com/newsapp_ls/0/13706320807_485350/0","http://inews.gtimg.com/newsapp_ls/0/13706320810_485350/0"],"category_id":"2","category_name":"ent","category_cn":"娱乐","sub_category_id":"207","sub_category_name":"ent_rihan","sub_category_cn":"日韩明星","status":4,"tags":[{"tag_id":"6794567","tag_word":"吴绮莉","tag_score":"0.329756"},{"tag_id":"533669","tag_word":"吴卓林","tag_score":"0.312368"},{"tag_id":"20209128","tag_word":"andi","tag_score":"0.22856"}],"media_id":"17108581","media_name":"八卦宝宝PLUS","point":"3","article_type":0,"pool_name":"ent_pool","security_field":1,"article_id":"20210628A0DDXF","source":"om","comment_id":"7044763138","comment_num":"0","create_time":"2021-06-28 22:51:13","update_time":"2021-06-28 22:51:13","publish_time":"2021-06-28 22:48:20","img_exp_type":"3","img":"http://inews.gtimg.com/newsapp_ls/0/13706320804_640330/0"},{"cms_id":"20210628A0DEJJ00","title":"53岁邓文迪晒照，浓妆出镜难掩脸部皱纹，意外曝光家中豪宅","subtitle":"","url":"https://new.qq.com/omn/20210628/20210628A0DEJJ00.html","thumb_nail":"http://inews.gtimg.com/newsapp_ls/0/13706320243_150120/0","thumb_nail_2x":"http://inews.gtimg.com/newsapp_ls/0/13706320243_640330/0","top_big_img":["http://inews.gtimg.com/newsapp_ls/0/13706320243_485350/0","http://inews.gtimg.com/newsapp_ls/0/13706320245_485350/0","http://inews.gtimg.com/newsapp_ls/0/13706320246_485350/0"],"category_id":"2","category_name":"ent","category_cn":"娱乐","sub_category_id":"208","sub_category_name":"ent_oumei","sub_category_cn":"欧美明星","status":4,"tags":[{"tag_id":"8943446","tag_word":"邓文迪","tag_score":"0.407131"},{"tag_id":"20000027","tag_word":"豪宅","tag_score":"0.24391"},{"tag_id":"7004948","tag_word":"默多克","tag_score":"0.190596"}],"media_id":"5003395","media_name":"谈资","point":"3","article_type":0,"pool_name":"ent_pool","security_field":1,"article_id":"20210628A0DEJJ","source":"om","comment_id":"7044768836","comment_num":"0","create_time":"2021-06-28 22:51:01","update_time":"2021-06-28 22:51:01","publish_time":"2021-06-28 22:48:22","img_exp_type":"3","img":"http://inews.gtimg.com/newsapp_ls/0/13706320243_640330/0"},{"cms_id":"20210628A0DDOX00","title":"姜文姜武解释不清的无奈，明明不是一个爸，却总被说成是双胞胎","subtitle":"","url":"https://new.qq.com/omn/20210628/20210628A0DDOX00.html","thumb_nail":"http://inews.gtimg.com/newsapp_ls/0/13706314153_150120/0","thumb_nail_2x":"http://inews.gtimg.com/newsapp_ls/0/13706314153_640330/0","top_big_img":["http://inews.gtimg.com/newsapp_ls/0/13706314153_485350/0","http://inews.gtimg.com/newsapp_ls/0/13706314154_485350/0","http://inews.gtimg.com/newsapp_ls/0/13706314156_485350/0"],"category_id":"2","category_name":"ent","category_cn":"娱乐","sub_category_id":"205","sub_category_name":"ent_dalu","sub_category_cn":"大陆明星","status":4,"tags":[{"tag_id":"3274339","tag_word":"姜武","tag_score":"0.278782"},{"tag_id":"8552624","tag_word":"姜文","tag_score":"0.244374"},{"tag_id":"8068634","tag_word":"鬼吹灯","tag_score":"0.130288"},{"tag_id":"7271207","tag_word":"张涵予","tag_score":"0.108622"},{"tag_id":"7295173","tag_word":"卢靖姗","tag_score":"0.096018"},{"tag_id":"2971628","tag_word":"王胖子","tag_score":"0.077728"}],"media_id":"5881779","media_name":"景天阁之娱","point":"3","article_type":0,"pool_name":"ent_pool","security_field":1,"article_id":"20210628A0DDOX","source":"om","comment_id":"7044761102","comment_num":"0","create_time":"2021-06-28 22:49:39","update_time":"2021-06-28 22:49:39","publish_time":"2021-06-28 22:46:00","img_exp_type":"3","img":"http://inews.gtimg.com/newsapp_ls/0/13706314153_640330/0"},{"cms_id":"20210628A0DE3600","title":"大衣哥现身商演，大肚腩高凸发福明显，步伐笨重行动迟缓","subtitle":"","url":"https://new.qq.com/omn/20210628/20210628A0DE3600.html","thumb_nail":"http://inews.gtimg.com/newsapp_ls/0/13706317628_150120/0","thumb_nail_2x":"http://inews.gtimg.com/newsapp_ls/0/13706317628_640330/0","top_big_img":[],"category_id":"2","category_name":"ent","category_cn":"娱乐","sub_category_id":"205","sub_category_name":"ent_dalu","sub_category_cn":"大陆明星","status":4,"tags":[{"tag_id":"3382815","tag_word":"朱之文","tag_score":"0.451236"},{"tag_id":"20643352","tag_word":"商演","tag_score":"0.286095"}],"media_id":"5003395","media_name":"谈资","point":"3","article_type":0,"pool_name":"ent_pool","security_field":1,"article_id":"20210628A0DE36","source":"om","comment_id":"7044764865","comment_num":"0","create_time":"2021-06-28 22:48:40","update_time":"2021-06-28 22:48:40","publish_time":"2021-06-28 22:47:10","img_exp_type":"1","img":"http://inews.gtimg.com/newsapp_ls/0/13706317628_640330/0"},{"cms_id":"20210628A0DB0900","title":"我在《1921》的“老故事”里，看到了中国年轻人的未来","subtitle":"","url":"https://new.qq.com/omn/20210628/20210628A0DB0900.html","thumb_nail":"http://inews.gtimg.com/newsapp_ls/0/13706292720_150120/0","thumb_nail_2x":"http://inews.gtimg.com/newsapp_ls/0/13706292720_640330/0","top_big_img":["http://inews.gtimg.com/newsapp_ls/0/13706292720_485350/0","http://inews.gtimg.com/newsapp_ls/0/13706292722_485350/0","http://inews.gtimg.com/newsapp_ls/0/13706292724_485350/0"],"category_id":"2","category_name":"ent","category_cn":"娱乐","sub_category_id":"202","sub_category_name":"ent_dianying","sub_category_cn":"电影","status":4,"tags":[{"tag_id":"27499059","tag_word":"1921","tag_score":"0.429076"},{"tag_id":"4389971","tag_word":"毛泽东","tag_score":"0.215461"},{"tag_id":"6669184","tag_word":"邓恩铭","tag_score":"0.073318"},{"tag_id":"2155461","tag_word":"何叔衡","tag_score":"0.049335"},{"tag_id":"220370","tag_word":"刘仁静","tag_score":"0.044681"},{"tag_id":"858557","tag_word":"李达","tag_score":"0.042599"}],"media_id":"18894909","media_name":"AKA桃叨叨","point":"3","article_type":0,"pool_name":"ent_pool","security_field":1,"article_id":"20210628A0DB09","source":"om","comment_id":"7044735794","comment_num":"0","create_time":"2021-06-28 22:46:32","update_time":"2021-06-28 22:46:32","publish_time":"2021-06-28 22:37:41","img_exp_type":"3","img":"http://inews.gtimg.com/newsapp_ls/0/13706292720_640330/0"},{"cms_id":"20210628A0DCQR00","title":"孙红雷大秀恩爱，小15岁娇妻身材颜值出众，与那英同框一点都不输","subtitle":"","url":"https://new.qq.com/omn/20210628/20210628A0DCQR00.html","thumb_nail":"http://inews.gtimg.com/newsapp_ls/0/13706304854_150120/0","thumb_nail_2x":"http://inews.gtimg.com/newsapp_ls/0/13706304854_640330/0","top_big_img":["http://inews.gtimg.com/newsapp_ls/0/13706304854_485350/0","http://inews.gtimg.com/newsapp_ls/0/13706304856_485350/0","http://inews.gtimg.com/newsapp_ls/0/13706304858_485350/0"],"category_id":"2","category_name":"ent","category_cn":"娱乐","sub_category_id":"205","sub_category_name":"ent_dalu","sub_category_cn":"大陆明星","status":4,"tags":[{"tag_id":"8858774","tag_word":"孙红雷","tag_score":"0.334596"},{"tag_id":"7702174","tag_word":"王骏迪","tag_score":"0.194597"},{"tag_id":"6712743","tag_word":"那英","tag_score":"0.187205"}],"media_id":"5003395","media_name":"谈资","point":"2","article_type":0,"pool_name":"ent_pool","security_field":1,"article_id":"20210628A0DCQR","source":"om","comment_id":"7044751664","comment_num":"0","create_time":"2021-06-28 22:46:17","update_time":"2021-06-28 22:46:17","publish_time":"2021-06-28 22:43:04","img_exp_type":"3","img":"http://inews.gtimg.com/newsapp_ls/0/13706304854_640330/0"},{"cms_id":"20210628A0DCQK00","title":"五十公里桃花坞：看到有人为张翰郭麒麟鸣不平，我更心疼孟子义","subtitle":"","url":"https://new.qq.com/omn/20210628/20210628A0DCQK00.html","thumb_nail":"http://inews.gtimg.com/newsapp_ls/0/13706307734_150120/0","thumb_nail_2x":"http://inews.gtimg.com/newsapp_ls/0/13706307734_640330/0","top_big_img":["http://inews.gtimg.com/newsapp_ls/0/13706307734_485350/0","http://inews.gtimg.com/newsapp_ls/0/13706307737_485350/0","http://inews.gtimg.com/newsapp_ls/0/13706307741_485350/0"],"category_id":"2","category_name":"ent","category_cn":"娱乐","sub_category_id":"205","sub_category_name":"ent_dalu","sub_category_cn":"大陆明星","status":4,"tags":[{"tag_id":"8126950","tag_word":"孟子义","tag_score":"0.226792"},{"tag_id":"6427817","tag_word":"张翰","tag_score":"0.217836"},{"tag_id":"29142718","tag_word":"五十公里桃花坞","tag_score":"0.217662"},{"tag_id":"1115374","tag_word":"郭麒麟","tag_score":"0.206501"},{"tag_id":"8682751","tag_word":"赖冠霖","tag_score":"0.046203"},{"tag_id":"8231520","tag_word":"宋丹丹","tag_score":"0.043446"},{"tag_id":"22759862","tag_word":"周也","tag_score":"0.041562"}],"media_id":"14055198","media_name":"娱乐弦外音","point":"3","article_type":0,"pool_name":"ent_pool","security_field":1,"article_id":"20210628A0DCQK","source":"om","comment_id":"7044751585","comment_num":"0","create_time":"2021-06-28 22:45:37","update_time":"2021-06-28 22:45:37","publish_time":"2021-06-28 22:42:27","img_exp_type":"3","img":"http://inews.gtimg.com/newsapp_ls/0/13706307734_640330/0"},{"cms_id":"20210628A09A2K00","title":"冯德伦还不帅？舒淇自称原本看不上他，因为合作的是刘德华金城武","subtitle":"","url":"https://new.qq.com/omn/20210628/20210628A09A2K00.html","thumb_nail":"http://inews.gtimg.com/newsapp_ls/0/13705214543_150120/0","thumb_nail_2x":"http://inews.gtimg.com/newsapp_ls/0/13705214543_640330/0","top_big_img":["http://inews.gtimg.com/newsapp_ls/0/13705214543_485350/0","http://inews.gtimg.com/newsapp_ls/0/13705214549_485350/0","http://inews.gtimg.com/newsapp_ls/0/13705214552_485350/0"],"category_id":"2","category_name":"ent","category_cn":"娱乐","sub_category_id":"206","sub_category_name":"ent_gangtai","sub_category_cn":"港台明星","status":4,"tags":[{"tag_id":"7814135","tag_word":"冯德伦","tag_score":"0.269834"},{"tag_id":"2498432","tag_word":"舒淇","tag_score":"0.2455"},{"tag_id":"887459","tag_word":"刘德华","tag_score":"0.151304"},{"tag_id":"7511107","tag_word":"金城武","tag_score":"0.14638"},{"tag_id":"6974892","tag_word":"郑爽","tag_score":"0.056791"}],"media_id":"5409491","media_name":"圈内","point":"3","article_type":0,"pool_name":"ent_pool","security_field":1,"article_id":"20210628A09A2K","source":"om","comment_id":"7043573732","comment_num":"0","create_time":"2021-06-28 22:44:24","update_time":"2021-06-28 22:44:24","publish_time":"2021-06-28 17:57:35","img_exp_type":"3","img":"http://inews.gtimg.com/newsapp_ls/0/13705214543_640330/0"},{"cms_id":"20210628A0DBOQ00","title":"59岁刘德华和53岁那英同框，时隔24年再唱《东方之珠》，状态都超好","subtitle":"","url":"https://new.qq.com/omn/20210628/20210628A0DBOQ00.html","thumb_nail":"http://inews.gtimg.com/newsapp_ls/0/13706295895_150120/0","thumb_nail_2x":"http://inews.gtimg.com/newsapp_ls/0/13706295895_640330/0","top_big_img":["http://inews.gtimg.com/newsapp_ls/0/13706295895_485350/0","http://inews.gtimg.com/newsapp_ls/0/13706295896_485350/0","http://inews.gtimg.com/newsapp_ls/0/13706295901_485350/0"],"category_id":"2","category_name":"ent","category_cn":"娱乐","sub_category_id":"205","sub_category_name":"ent_dalu","sub_category_cn":"大陆明星","status":4,"tags":[{"tag_id":"887459","tag_word":"刘德华","tag_score":"0.393679"},{"tag_id":"6712743","tag_word":"那英","tag_score":"0.390105"},{"tag_id":"9491805","tag_word":"东方之珠","tag_score":"0.216216"}],"media_id":"5003395","media_name":"谈资","point":"2","article_type":0,"pool_name":"ent_pool","security_field":1,"article_id":"20210628A0DBOQ","source":"om","comment_id":"7044741974","comment_num":"0","create_time":"2021-06-28 22:42:34","update_time":"2021-06-28 22:42:34","publish_time":"2021-06-28 22:39:51","img_exp_type":"3","img":"http://inews.gtimg.com/newsapp_ls/0/13706295895_640330/0"}]}}